industry,stage,patent_count,avg_patent_quality,team_score,rd_ratio,employee_count,founded_year,base_valuation,current_valuation,risk_score
生物医药,上市预备,47,0.4124,0.1432,0.1395,353,2021,6010.34,11763.56,0.6299
人工智能,立项预研,48,0.6934,0.6434,0.4081,464,2021,15252.15,4453.56,0.3517
人工智能,原型验证,44,0.2373,0.1869,0.7728,222,2022,7493.45,4670.0,0.5445
生物医药,原型验证,49,0.7266,0.2658,0.5948,172,2012,11033.2,6517.57,0.4239
航天,立项预研,27,0.5645,0.7033,0.6052,264,2023,10302.92,3612.04,0.3343
生物医药,立项预研,17,0.6406,0.2713,0.2421,22,2016,3596.79,1051.97,0.5704
新材料,立项预研,34,0.8053,0.2916,0.3468,268,2016,7754.69,2341.18,0.422
生物医药,流片成功,46,0.6998,0.1462,0.2762,395,2012,9759.26,9274.91,0.5287
生物医药,立项预研,41,0.2502,0.3544,0.3588,410,2024,8117.46,2418.52,0.6141
人工智能,原型验证,20,0.3091,0.6189,0.2585,361,2016,6679.06,3824.16,0.5489
半导体,原型验证,29,0.2425,0.5701,0.7974,263,2021,10294.56,6485.72,0.4511
半导体,原型验证,23,0.6161,0.32,0.5245,236,2023,8177.23,4637.97,0.4173
人工智能,立项预研,8,0.2214,0.2155,0.3574,384,2015,6092.34,1908.0,0.7038
高端装备,商业化量产,34,0.5832,0.8388,0.7962,167,2022,11000.47,16212.85,0.2717
高端装备,上市预备,25,0.1638,0.3213,0.3067,483,2010,6333.51,12951.88,0.6858
航天,原型验证,29,0.3898,0.4099,0.5052,297,2016,7382.82,4695.78,0.5133
航天,立项预研,19,0.5999,0.413,0.4719,56,2012,4873.33,1561.66,0.4873
人工智能,流片成功,34,0.6814,0.4641,0.5819,138,2019,10264.28,10691.13,0.379
半导体,上市预备,5,0.4659,0.8446,0.1101,471,2021,4425.13,9046.66,0.5337
生物医药,立项预研,25,0.3175,0.531,0.5381,451,2010,11976.27,3667.23,0.5063
人工智能,商业化量产,36,0.9574,0.5908,0.7728,339,2020,19199.18,29203.38,0.212
半导体,原型验证,30,0.1581,0.1389,0.3926,258,2013,5003.0,2895.22,0.6467
新材料,原型验证,36,0.1242,0.4084,0.324,196,2012,3817.74,2327.77,0.6163
人工智能,流片成功,20,0.257,0.5169,0.4461,432,2023,7160.68,7794.55,0.5391
半导体,立项预研,14,0.705,0.3608,0.4593,431,2012,9794.77,3094.27,0.4765
人工智能,立项预研,11,0.4864,0.6741,0.1079,229,2023,4662.56,1340.91,0.5359
人工智能,原型验证,29,0.7607,0.4977,0.587,424,2010,15665.55,9963.48,0.3927
人工智能,立项预研,16,0.4535,0.1039,0.3522,237,2020,5630.77,1847.7,0.6582
高端装备,立项预研,50,0.4972,0.8338,0.6443,155,2024,9940.22,3026.12,0.2832
生物医药,上市预备,31,0.4168,0.279,0.5096,62,2014,4707.61,10053.55,0.5233
航天,原型验证,8,0.2605,0.6949,0.4641,277,2010,7310.6,4838.32,0.5668
人工智能,原型验证,27,0.4408,0.927,0.7329,317,2018,15186.68,9145.76,0.3297
人工智能,上市预备,8,0.2036,0.8723,0.5058,468,2012,11138.21,19854.0,0.5278
高端装备,原型验证,20,0.2559,0.8228,0.1286,14,2011,2033.37,1185.92,0.4887
生物医药,流片成功,49,0.5605,0.3812,0.7078,17,2010,6474.43,6532.09,0.4105
生物医药,上市预备,18,0.1008,0.546,0.175,303,2012,3031.85,5994.95,0.627
高端装备,商业化量产,26,0.3811,0.6355,0.6218,378,2021,9878.93,14530.87,0.4128
生物医药,流片成功,38,0.633,0.0383,0.7825,103,2017,9005.76,9373.13,0.4951
新材料,流片成功,30,0.8591,0.9801,0.5274,329,2015,11462.52,11615.97,0.2484
半导体,原型验证,14,0.6085,0.557,0.656,104,2010,6089.5,3736.18,0.4154
生物医药,上市预备,15,0.6389,0.6429,0.215,14,2012,3996.17,8821.7,0.4699
生物医药,商业化量产,43,0.4675,0.9263,0.4723,318,2017,12567.23,19078.96,0.2945
生物医药,原型验证,12,0.2975,0.3367,0.5949,420,2016,8975.21,5270.6,0.5806
新材料,立项预研,17,0.6271,0.2626,0.5858,301,2019,9140.39,2636.03,0.4651
半导体,上市预备,42,0.859,0.5364,0.1715,333,2014,12040.98,24614.3,0.3905
高端装备,原型验证,33,0.4092,0.5007,0.2592,408,2014,7415.75,4760.28,0.5079
航天,商业化量产,30,0.7253,0.2664,0.2235,464,2013,7547.08,11775.96,0.5047
生物医药,流片成功,26,0.6135,0.9537,0.2291,336,2010,8462.54,7780.47,0.3666
航天,原型验证,49,0.4555,0.3383,0.4479,444,2024,12669.3,7488.07,0.4919
半导体,商业化量产,14,0.9256,0.7353,0.2554,481,2016,10053.82,14982.45,0.344
航天,立项预研,36,0.1716,0.6297,0.1608,339,2016,3928.75,1219.22,0.5803
半导体,商业化量产,33,0.764,0.68,0.5369,431,2023,16407.97,24167.73,0.2988
高端装备,上市预备,27,0.7124,0.7754,0.6845,13,2019,5970.04,11170.88,0.2728
航天,立项预研,22,0.7571,0.9621,0.198,36,2018,6621.9,1895.53,0.3214
生物医药,流片成功,21,0.2237,0.072,0.2717,158,2020,3002.57,2863.96,0.6944
新材料,原型验证,39,0.4456,0.1528,0.6891,346,2023,10349.12,6923.09,0.4981
生物医药,商业化量产,44,0.1829,0.2855,0.1641,314,2022,3387.37,5249.67,0.6839
生物医药,立项预研,20,0.5299,0.5619,0.2548,419,2018,7688.27,2330.43,0.4936
人工智能,立项预研,11,0.3087,0.459,0.5174,492,2021,9335.19,2654.58,0.587
新材料,立项预研,19,0.3588,0.5807,0.2298,283,2012,4570.77,1369.57,0.53
高端装备,原型验证,14,0.6967,0.5248,0.6009,302,2018,9714.5,5755.92,0.3776
人工智能,商业化量产,41,0.3407,0.3886,0.7599,72,2015,6760.67,11385.96,0.4557
航天,立项预研,7,0.3709,0.5874,0.4607,347,2023,8435.88,2813.66,0.5247
新材料,立项预研,8,0.3715,0.4143,0.3859,472,2015,7303.45,2086.89,0.5813
航天,流片成功,9,0.4036,0.3264,0.4649,345,2017,6796.23,6579.48,0.5838
半导体,原型验证,49,0.5404,0.4393,0.2125,365,2011,9504.36,6067.14,0.5013
高端装备,原型验证,28,0.6853,0.4292,0.6276,287,2013,11699.25,7201.58,0.3803
人工智能,立项预研,16,0.7664,0.3216,0.1155,143,2024,6161.33,1842.32,0.5163
航天,上市预备,21,0.812,0.6107,0.1919,204,2010,7293.37,14900.97,0.4042
人工智能,上市预备,23,0.7649,0.5597,0.4312,81,2021,8210.89,16232.88,0.3911
新材料,商业化量产,7,0.6055,0.2203,0.4909,441,2018,8953.42,13728.72,0.5518
航天,流片成功,12,0.9318,0.9293,0.5865,298,2021,10401.93,10377.11,0.2152
高端装备,商业化量产,14,0.1776,0.7466,0.5852,152,2011,5229.09,7736.17,0.4932
高端装备,流片成功,45,0.6519,0.5984,0.4166,12,2024,6979.29,7585.08,0.3819
半导体,立项预研,27,0.195,0.7753,0.1306,309,2011,4815.83,1300.46,0.52
生物医药,立项预研,19,0.3718,0.8679,0.7914,161,2011,7924.39,2404.0,0.3597
生物医药,商业化量产,40,0.3313,0.8264,0.1921,17,2013,4404.07,6509.83,0.4213
人工智能,原型验证,43,0.8376,0.4181,0.6414,449,2013,16922.43,10129.64,0.3423
航天,立项预研,18,0.9326,0.5106,0.3497,213,2014,7098.72,2204.92,0.3879
生物医药,商业化量产,10,0.5833,0.6169,0.4165,254,2020,6880.09,9289.05,0.4749
生物医药,流片成功,27,0.4332,0.3986,0.224,299,2010,6811.53,6801.01,0.5998
高端装备,商业化量产,44,0.4452,0.5834,0.504,455,2021,11942.95,16918.71,0.4437
人工智能,商业化量产,17,0.4411,0.2129,0.322,374,2020,6551.11,9104.86,0.5955
高端装备,原型验证,5,0.7822,0.2155,0.1512,364,2017,3752.28,2424.05,0.5588
人工智能,流片成功,10,0.4238,0.1425,0.6008,436,2022,8006.85,7898.51,0.6352
人工智能,立项预研,19,0.6212,0.3956,0.2994,36,2022,5088.96,1632.95,0.5224
新材料,原型验证,8,0.4958,0.631,0.2297,449,2013,4959.54,2853.33,0.5241
新材料,原型验证,49,0.64,0.3719,0.3877,134,2019,7619.54,4743.48,0.4677
航天,商业化量产,43,0.3879,0.2578,0.2517,474,2015,6950.38,10448.4,0.5907
高端装备,流片成功,14,0.924,0.8818,0.4121,434,2010,11190.14,11863.83,0.2728
新材料,原型验证,41,0.6749,0.2814,0.6602,36,2014,6032.54,3733.77,0.3891
高端装备,立项预研,7,0.1656,0.5939,0.3959,64,2021,2487.85,701.03,0.6
半导体,上市预备,44,0.1625,0.2018,0.4548,235,2022,5736.71,11022.53,0.6102
半导体,上市预备,13,0.7676,0.3415,0.4508,58,2019,6048.36,12508.41,0.4715
新材料,立项预研,11,0.8549,0.3378,0.6757,290,2022,9303.0,3134.86,0.3963
新材料,立项预研,7,0.3439,0.4922,0.516,40,2023,2169.49,671.43,0.5646
生物医药,原型验证,9,0.7087,0.6042,0.3123,380,2016,7042.47,4143.47,0.4523
生物医药,上市预备,21,0.6129,0.4566,0.5579,492,2016,10565.16,23982.61,0.424
人工智能,立项预研,31,0.2588,0.9182,0.5405,190,2011,8941.29,2496.24,0.3723
高端装备,原型验证,30,0.9106,0.2783,0.1715,129,2018,7010.19,4126.25,0.4573
新材料,商业化量产,38,0.9132,0.4506,0.1266,96,2020,7649.06,12100.67,0.4187
半导体,立项预研,24,0.2057,0.4257,0.1689,359,2015,3862.77,1209.8,0.6478
生物医药,立项预研,40,0.6658,0.4668,0.6682,389,2011,17166.17,5055.88,0.3498
人工智能,立项预研,29,0.9848,0.5906,0.1089,414,2012,10138.4,3214.2,0.3499
生物医药,流片成功,25,0.6055,0.5676,0.4777,278,2011,8909.22,9052.88,0.396
半导体,上市预备,19,0.763,0.2041,0.5822,304,2021,11574.57,23928.31,0.4596
半导体,立项预研,9,0.5341,0.2186,0.5305,75,2018,3579.63,1110.75,0.5291
生物医药,商业化量产,16,0.2953,0.3962,0.7974,141,2024,7093.75,10428.01,0.5145
生物医药,原型验证,44,0.8048,0.0969,0.2578,397,2017,11284.36,7322.74,0.5341
新材料,原型验证,23,0.4129,0.4588,0.4081,237,2023,5595.32,3043.87,0.5158
高端装备,商业化量产,15,0.7703,0.3004,0.6231,368,2018,9778.2,14928.5,0.4351
半导体,商业化量产,34,0.3266,0.7035,0.6619,83,2014,6950.14,11169.58,0.406
半导体,立项预研,50,0.5305,0.5965,0.7344,129,2019,10133.86,3179.03,0.3323
生物医药,商业化量产,48,0.6569,0.066,0.1605,408,2011,9230.81,15016.14,0.6087
新材料,流片成功,41,0.3525,0.1802,0.3447,434,2010,7236.75,7082.33,0.5997
航天,商业化量产,37,0.3515,0.6064,0.4208,74,2019,5268.55,8260.01,0.4238
高端装备,流片成功,28,0.4365,0.3362,0.6309,381,2015,9709.94,9933.02,0.5263
高端装备,流片成功,7,0.692,0.896,0.7751,277,2019,11463.93,11316.31,0.2716
新材料,原型验证,12,0.2668,0.749,0.7,268,2020,8040.98,4727.22,0.427
生物医药,流片成功,23,0.656,0.8693,0.3992,256,2020,9922.54,9623.17,0.3287
半导体,商业化量产,30,0.7005,0.3207,0.4298,440,2021,9896.0,14392.88,0.4836
航天,立项预研,25,0.5303,0.5745,0.4049,393,2015,9707.01,3027.96,0.4571
新材料,原型验证,37,0.8131,0.3297,0.55,13,2019,5326.95,3216.28,0.4103
人工智能,商业化量产,43,0.1686,0.8587,0.3671,199,2012,5806.06,9278.48,0.4486
生物医药,立项预研,44,0.6064,0.6414,0.1126,336,2023,7968.3,2520.29,0.4295
人工智能,立项预研,42,0.7385,0.3193,0.2584,343,2023,10996.09,3190.69,0.4724
人工智能,商业化量产,50,0.3053,0.2275,0.5612,313,2013,9676.77,13410.9,0.5649
半导体,商业化量产,38,0.7114,0.6488,0.7248,102,2015,10720.47,17377.04,0.315
高端装备,商业化量产,8,0.3344,0.8373,0.3849,223,2018,5736.66,8693.64,0.4789
生物医药,原型验证,39,0.6548,0.6872,0.5004,327,2019,11907.24,7279.14,0.3345
生物医药,立项预研,45,0.3601,0.6097,0.3729,28,2021,5090.76,1585.94,0.4877
航天,商业化量产,32,0.2998,0.5516,0.1847,421,2017,4608.64,6867.59,0.5568
半导体,原型验证,43,0.9363,0.1864,0.208,268,2013,13190.3,8215.63,0.4849
人工智能,商业化量产,45,0.6381,0.1074,0.6104,303,2021,12309.29,19431.4,0.4839
生物医药,立项预研,13,0.8509,0.5051,0.3232,57,2019,5087.6,1520.56,0.427
生物医药,立项预研,11,0.0973,0.4197,0.1502,135,2020,1936.57,613.22,0.6864
高端装备,原型验证,16,0.3534,0.251,0.7479,484,2019,10754.74,6162.54,0.5452
半导体,商业化量产,41,0.2114,0.4536,0.3383,77,2014,4056.73,6140.86,0.5484
生物医药,商业化量产,27,0.2749,0.5639,0.4904,394,2021,9185.18,13531.21,0.517
新材料,原型验证,26,0.7744,0.2316,0.7748,126,2011,7169.01,4358.59,0.4342
人工智能,立项预研,15,0.4279,0.3886,0.4444,192,2019,7564.14,2128.04,0.5099
高端装备,上市预备,21,0.8354,0.453,0.1765,125,2022,5781.27,12236.52,0.4386
人工智能,立项预研,42,0.5794,0.3369,0.6739,178,2017,11417.15,3720.72,0.4263
高端装备,立项预研,17,0.3734,0.8118,0.1544,393,2013,5257.34,1523.96,0.4848
航天,立项预研,17,0.466,0.722,0.151,22,2017,3009.11,868.27,0.5049
人工智能,原型验证,31,0.2521,0.3181,0.6039,41,2023,3674.26,2347.93,0.5532
高端装备,流片成功,18,0.2713,0.2629,0.381,424,2023,5912.25,6188.91,0.6175
半导体,商业化量产,22,0.624,0.3866,0.1713,74,2020,4859.83,7555.34,0.5153
航天,商业化量产,19,0.4321,0.2893,0.7511,226,2017,7804.15,11946.48,0.5133
半导体,原型验证,15,0.7766,0.7474,0.7698,37,2018,6612.44,3769.84,0.2676
高端装备,商业化量产,45,0.8174,0.1675,0.5745,182,2022,10304.14,15133.21,0.4515
航天,流片成功,25,0.3161,0.171,0.4807,312,2014,7216.25,6825.72,0.6307
人工智能,商业化量产,21,0.7814,0.7108,0.7744,197,2019,11163.49,17678.22,0.2763
生物医药,上市预备,31,0.7408,0.8045,0.6173,16,2013,6934.36,14531.44,0.3001
高端装备,流片成功,17,0.5662,0.4549,0.4389,88,2021,4402.82,4393.75,0.4907
半导体,原型验证,30,0.5245,0.2438,0.3717,421,2020,9085.06,5230.03,0.52
人工智能,原型验证,35,0.4902,0.7069,0.5757,462,2015,14673.51,9174.55,0.3578
生物医药,流片成功,17,0.9762,0.434,0.4691,360,2021,10383.88,10544.77,0.3566
生物医药,上市预备,16,0.5717,0.166,0.2132,17,2023,3164.03,6023.85,0.6296
高端装备,流片成功,24,0.7345,0.1673,0.6102,100,2015,6469.1,6447.71,0.5082
半导体,原型验证,31,0.1154,0.2046,0.5354,182,2013,4411.62,2811.7,0.6073
生物医药,商业化量产,5,0.8044,0.3052,0.4056,444,2014,8616.14,12991.65,0.5014
人工智能,上市预备,44,0.1879,0.7207,0.5157,55,2021,4395.35,8183.65,0.489
航天,商业化量产,5,0.8274,0.5466,0.7131,480,2014,12179.66,16747.08,0.3923
半导体,上市预备,11,0.0542,0.5802,0.5484,178,2014,4396.77,9053.43,0.6231
人工智能,商业化量产,31,0.5515,0.282,0.2047,281,2020,8147.34,11912.7,0.5228
高端装备,原型验证,21,0.4048,0.1052,0.753,97,2011,6341.15,4010.51,0.5808
生物医药,上市预备,27,0.5639,0.8142,0.6353,377,2024,15036.09,26849.39,0.3099
生物医药,原型验证,8,0.153,0.5466,0.1362,202,2014,2645.2,1642.58,0.6824
半导体,商业化量产,39,0.5726,0.7574,0.319,384,2012,10056.32,15598.9,0.3702
半导体,原型验证,9,0.8714,0.7693,0.3327,459,2023,8316.33,5124.79,0.3434
高端装备,流片成功,19,0.7126,0.5482,0.4834,421,2023,9349.07,9460.95,0.3671
生物医药,立项预研,7,0.9507,0.4581,0.1529,239,2013,4867.97,1420.47,0.459
高端装备,流片成功,6,0.5851,0.8792,0.1741,275,2014,4547.47,4610.4,0.4841
高端装备,原型验证,49,0.7668,0.2115,0.7839,154,2019,12089.29,7245.03,0.3801
半导体,商业化量产,29,0.3073,0.52,0.2694,221,2022,5645.52,8708.75,0.5352
航天,立项预研,7,0.1668,0.7813,0.2983,183,2012,4120.97,1323.88,0.5872
新材料,流片成功,50,0.7397,0.6553,0.6512,350,2011,12975.57,13425.12,0.2725
生物医药,流片成功,41,0.811,0.8228,0.1198,485,2024,12393.68,11769.96,0.3245
人工智能,立项预研,33,0.4429,0.4148,0.3169,453,2020,9485.66,3265.31,0.5507
生物医药,原型验证,28,0.2646,0.5621,0.7134,222,2022,9059.71,4854.12,0.4339
人工智能,流片成功,21,0.9865,0.857,0.3694,121,2016,9588.23,10352.82,0.2283
人工智能,流片成功,48,0.2978,0.6392,0.4635,37,2020,4838.36,4701.73,0.4811
生物医药,原型验证,23,0.6262,0.1421,0.7616,57,2010,6713.08,4180.43,0.4777
生物医药,上市预备,21,0.8146,0.0232,0.1483,262,2012,7121.42,14925.4,0.5616
半导体,商业化量产,5,0.7689,0.3856,0.3832,280,2012,7531.25,11276.08,0.5064
高端装备,立项预研,6,0.989,0.3384,0.4034,457,2022,6857.72,2121.06,0.4334
生物医药,立项预研,8,0.1858,0.5956,0.1037,133,2011,1921.28,584.12,0.6862
半导体,商业化量产,41,0.0855,0.157,0.3735,451,2010,6339.29,8811.83,0.7211
人工智能,流片成功,46,0.2381,0.3007,0.708,147,2021,6397.8,6519.12,0.5646
高端装备,立项预研,30,0.6948,0.7226,0.4701,489,2021,10915.26,3226.47,0.3516
半导体,商业化量产,19,0.8092,0.79,0.2817,79,2022,6167.65,9097.61,0.3427
高端装备,立项预研,10,0.3489,0.8601,0.6689,390,2015,11808.35,3398.81,0.4109
人工智能,立项预研,19,0.6074,0.5246,0.3185,95,2015,6027.33,1714.92,0.4879
半导体,流片成功,39,0.4255,0.6579,0.1969,162,2013,7243.72,7315.76,0.4467
高端装备,流片成功,9,0.5203,0.8383,0.7592,286,2021,11778.43,11780.61,0.3661
航天,立项预研,11,0.6832,0.3772,0.6454,384,2020,10876.97,3401.21,0.4581
新材料,上市预备,7,0.6357,0.4042,0.1664,308,2015,3482.94,7027.72,0.5757
高端装备,立项预研,50,0.4751,0.6253,0.7981,221,2014,12406.8,3769.16,0.36
人工智能,原型验证,35,0.4258,0.8765,0.4863,107,2011,7401.34,4373.89,0.3429
人工智能,立项预研,19,0.595,0.8125,0.1908,48,2021,5265.46,1687.79,0.3858
半导体,立项预研,26,0.5629,0.4549,0.5321,199,2014,9736.42,2904.0,0.4222
半导体,立项预研,27,0.8746,0.6846,0.502,380,2021,11521.84,3539.87,0.2933
航天,流片成功,43,0.7377,0.622,0.6598,409,2016,17766.09,17131.93,0.3317
生物医药,上市预备,49,0.5833,0.847,0.1989,431,2017,10439.24,20004.44,0.3529
新材料,原型验证,42,0.761,0.6859,0.6916,264,2014,12679.88,7805.73,0.2465
航天,立项预研,24,0.6419,0.392,0.4208,408,2022,9701.18,2777.98,0.4457
航天,上市预备,43,0.3037,0.3769,0.3631,247,2023,6371.53,14032.4,0.5553
新材料,立项预研,21,0.7678,0.3083,0.1175,107,2018,4345.19,1275.64,0.4772
新材料,上市预备,12,0.5504,0.8117,0.2659,230,2014,5555.31,11173.88,0.4163
半导体,商业化量产,12,0.7228,0.1846,0.528,156,2017,6476.71,10137.26,0.504
人工智能,商业化量产,8,0.7458,0.2935,0.6561,261,2012,8459.37,12168.51,0.4685
人工智能,上市预备,8,0.7368,0.5008,0.2326,417,2023,5588.25,10442.42,0.5104
半导体,原型验证,7,0.1443,0.8558,0.2292,387,2014,5867.87,3475.15,0.5788
生物医药,原型验证,19,0.3816,0.7421,0.2525,480,2013,6708.22,3841.32,0.4851
人工智能,流片成功,7,0.9863,0.7659,0.3531,452,2022,8882.27,9078.92,0.3252
高端装备,流片成功,15,0.5151,0.4057,0.1369,85,2010,2686.86,2655.44,0.548
高端装备,原型验证,25,0.7882,0.5244,0.739,172,2023,9669.56,5714.19,0.3102
高端装备,商业化量产,17,0.4671,0.9682,0.5595,155,2013,6716.82,10943.45,0.3416
半导体,原型验证,19,0.6578,0.941,0.6703,326,2022,11890.54,6881.25,0.2495
生物医药,流片成功,18,0.6023,0.2866,0.167,145,2017,3972.03,4149.59,0.5614
半导体,原型验证,43,0.5422,0.7278,0.6771,182,2016,11794.34,7520.6,0.3167
生物医药,上市预备,36,0.7058,0.1339,0.6799,308,2010,12672.46,23994.62,0.4794
航天,立项预研,36,0.6398,0.2309,0.5225,96,2023,6986.94,2133.96,0.4519
航天,流片成功,34,0.6461,0.1669,0.6635,34,2023,6806.25,6649.7,0.4498
半导体,立项预研,25,0.6372,0.3975,0.375,196,2019,7162.06,2061.37,0.4523
高端装备,立项预研,30,0.9186,0.7652,0.6827,26,2024,7915.28,2290.57,0.1941
新材料,上市预备,20,0.1487,0.5784,0.4391,440,2023,6477.9,13131.37,0.5473
人工智能,流片成功,29,0.6955,0.1505,0.2354,327,2015,8274.87,8491.42,0.5439
人工智能,原型验证,43,0.8078,0.7581,0.5595,84,2014,12830.75,6561.74,0.2809
生物医药,流片成功,35,0.7886,0.5868,0.7541,116,2017,11304.53,11430.17,0.3066
新材料,立项预研,16,0.8306,0.2696,0.5222,153,2011,5553.15,1818.18,0.4608
航天,流片成功,44,0.2183,0.7627,0.1794,345,2011,5432.29,5532.02,0.4821
生物医药,立项预研,30,0.1187,0.8663,0.7233,165,2013,7022.23,2408.81,0.3765
人工智能,原型验证,10,0.7062,0.4337,0.3071,489,2022,7630.84,4415.46,0.5204
高端装备,立项预研,10,0.7992,0.1274,0.1095,364,2010,3451.78,1044.75,0.6026
新材料,原型验证,6,0.9357,0.3832,0.7115,108,2013,5431.51,3466.98,0.3938
航天,原型验证,21,0.7627,0.8258,0.5008,285,2018,10370.08,6635.82,0.3014
新材料,原型验证,49,0.8009,0.1529,0.1602,220,2016,7681.71,4603.5,0.5245
半导体,立项预研,46,0.8333,0.6004,0.6112,385,2016,16990.93,5648.81,0.2954
高端装备,原型验证,41,0.4777,0.2796,0.6294,375,2019,10395.43,6448.99,0.4834
航天,立项预研,32,0.0891,0.6498,0.7587,182,2024,6822.09,2043.52,0.458
生物医药,原型验证,29,0.6302,0.4516,0.1888,446,2021,8397.38,4854.96,0.5323
人工智能,流片成功,28,0.8841,0.836,0.206,196,2024,10203.8,9817.93,0.2989
人工智能,商业化量产,43,0.2611,0.3378,0.5749,392,2019,11672.8,16126.49,0.5402
生物医药,上市预备,34,0.5554,0.606,0.4079,189,2016,9066.41,17634.07,0.4125
高端装备,上市预备,48,0.6044,0.25,0.1477,459,2021,7772.07,16114.33,0.5426
航天,商业化量产,43,0.4604,0.2125,0.4664,339,2020,8935.99,13006.89,0.5473
生物医药,立项预研,23,0.2559,0.3331,0.1051,460,2022,3908.03,1333.66,0.6526
人工智能,商业化量产,38,0.197,0.6971,0.2189,474,2021,7329.34,11022.74,0.5084
航天,原型验证,47,0.5888,0.5511,0.1388,65,2020,6614.05,4256.18,0.4844
半导体,上市预备,7,0.6656,0.1749,0.3324,85,2024,3900.09,7413.81,0.6188
航天,流片成功,18,0.7638,0.6919,0.394,196,2010,8087.64,8279.9,0.34
生物医药,流片成功,17,0.7958,0.4278,0.1893,498,2010,8663.09,8074.72,0.4491
新材料,商业化量产,36,0.9685,0.9439,0.6196,177,2012,13393.61,19463.5,0.1134
高端装备,流片成功,35,0.8718,0.7011,0.3909,340,2018,12400.88,12205.75,0.2905
航天,立项预研,7,0.8588,0.0353,0.2374,438,2010,5418.89,1712.99,0.6064
新材料,原型验证,20,0.8665,0.3405,0.5158,30,2019,5516.73,3402.76,0.3852
新材料,商业化量产,22,0.8476,0.5225,0.1141,108,2018,5225.41,8229.79,0.4667
高端装备,上市预备,46,0.783,0.6688,0.4586,255,2017,12147.33,25068.86,0.2777
人工智能,立项预研,35,0.5266,0.7473,0.3185,91,2020,8071.3,2577.6,0.4138
航天,原型验证,23,0.7093,0.2225,0.5604,109,2016,6679.02,4100.21,0.4618
生物医药,上市预备,11,0.9189,0.7943,0.552,35,2024,6251.17,12277.27,0.2563
新材料,商业化量产,18,0.4339,0.7788,0.5185,209,2017,7562.32,12186.67,0.3759
人工智能,上市预备,20,0.9106,0.3196,0.523,236,2014,9987.15,19824.02,0.4063
生物医药,商业化量产,35,0.6987,0.5337,0.7037,256,2017,13908.89,22376.43,0.3352
人工智能,上市预备,17,0.9146,0.1254,0.4554,47,2023,6415.75,12969.33,0.4598
高端装备,原型验证,25,0.8224,0.2625,0.7516,432,2011,13757.62,8707.65,0.3719
半导体,原型验证,41,0.9279,0.3353,0.1843,375,2010,12823.0,7817.54,0.4268
生物医药,立项预研,8,0.5838,0.7788,0.2628,379,2019,7114.53,1982.27,0.4479
新材料,流片成功,46,0.2793,0.5742,0.6478,77,2023,4294.6,4514.59,0.4444
航天,流片成功,13,0.8011,0.4946,0.4889,448,2021,9036.65,8481.6,0.359
半导体,上市预备,22,0.8106,0.2113,0.1494,300,2011,6594.34,13508.51,0.5167
生物医药,立项预研,5,0.7664,0.567,0.7364,386,2020,11393.67,3454.35,0.3662
生物医药,原型验证,18,0.1436,0.5459,0.5644,248,2014,6942.19,4439.01,0.5429
航天,立项预研,27,0.473,0.6246,0.1761,96,2015,5290.07,1542.15,0.5135
半导体,立项预研,45,0.1565,0.5516,0.7484,19,2016,3425.07,1055.13,0.4927
高端装备,立项预研,37,0.6411,0.6132,0.2429,196,2011,6151.3,1797.53,0.3661
半导体,原型验证,30,0.6458,0.4906,0.1042,386,2021,7391.04,4352.17,0.4737
人工智能,立项预研,34,0.8442,0.3903,0.7415,91,2010,12632.91,3666.17,0.3344
新材料,流片成功,47,0.564,0.6783,0.537,489,2014,11528.18,11806.62,0.3191
新材料,商业化量产,30,0.2179,0.7252,0.5716,451,2017,10116.27,14611.45,0.4786
高端装备,立项预研,45,0.5789,0.5459,0.377,11,2023,5447.68,1710.84,0.4244
高端装备,流片成功,48,0.5319,0.1908,0.6119,331,2013,10736.1,9810.37,0.4805
人工智能,流片成功,17,0.8332,0.702,0.1617,313,2016,8095.35,8240.78,0.357
新材料,流片成功,19,0.5037,0.0973,0.3144,23,2019,2683.66,2690.28,0.6412
航天,立项预研,21,0.6886,0.2118,0.7789,206,2012,9659.87,2915.94,0.4131
高端装备,流片成功,16,0.975,0.6678,0.4054,23,2015,5599.84,5810.8,0.3154
半导体,立项预研,24,0.4215,0.6066,0.1084,154,2012,4716.17,1535.44,0.5765
航天,原型验证,22,0.7995,0.3534,0.1255,189,2017,5602.96,3348.49,0.4799
新材料,原型验证,37,0.9594,0.1105,0.262,352,2013,10148.23,6925.76,0.4721
新材料,流片成功,34,0.3331,0.6636,0.5273,423,2015,9448.02,9084.09,0.4164
人工智能,流片成功,16,0.5468,0.7291,0.6223,338,2024,11856.49,12354.65,0.3747
半导体,原型验证,46,0.8794,0.801,0.5871,454,2014,18047.54,10821.68,0.2167
航天,原型验证,43,0.5834,0.9578,0.4121,366,2010,12338.62,7085.12,0.2888
新材料,立项预研,50,0.8235,0.0048,0.5392,110,2012,8532.61,2636.0,0.4652
新材料,立项预研,23,0.5949,0.5496,0.5402,18,2022,4143.62,1284.3,0.4504
航天,流片成功,33,0.3887,0.4727,0.3484,377,2020,6615.15,6654.71,0.5057
人工智能,立项预研,42,0.6353,0.3995,0.4268,483,2018,11680.66,3571.01,0.4489
生物医药,原型验证,48,0.8251,0.5421,0.1435,160,2021,9827.92,5413.31,0.4205
高端装备,流片成功,18,0.3935,0.448,0.3401,275,2019,5106.33,5007.49,0.548
生物医药,原型验证,31,0.7461,0.3403,0.3998,72,2012,7737.74,4703.82,0.4686
生物医药,原型验证,10,0.3029,0.6416,0.327,66,2022,3158.13,1976.15,0.5759
生物医药,原型验证,29,0.9452,0.5456,0.7367,346,2022,16648.57,10011.87,0.2679
半导体,原型验证,40,0.2875,0.6403,0.1905,167,2021,5083.33,3004.51,0.513
高端装备,立项预研,34,0.6306,0.275,0.5035,220,2022,9653.48,2810.63,0.487
航天,流片成功,36,0.4065,0.4958,0.3604,411,2021,9342.32,8286.03,0.4827
人工智能,立项预研,39,0.5791,0.5539,0.1745,472,2017,9546.28,2922.97,0.454
半导体,上市预备,48,0.7142,0.0936,0.162,128,2011,9673.71,19487.76,0.5466
新材料,立项预研,48,0.6304,0.4529,0.4385,154,2016,8658.76,2551.97,0.4269
航天,商业化量产,36,0.6343,0.4712,0.6444,333,2023,11752.3,17267.67,0.4031
高端装备,原型验证,39,0.3028,0.296,0.7887,78,2013,5326.52,3048.49,0.4554
生物医药,原型验证,49,0.7995,0.0533,0.119,246,2016,9888.61,6053.52,0.5504
半导体,流片成功,38,0.4513,0.5206,0.5507,358,2017,12168.44,13299.48,0.4596
生物医药,流片成功,43,0.3698,0.4829,0.4669,406,2018,10611.27,10485.83,0.4676
新材料,流片成功,34,0.6489,0.2169,0.1788,402,2022,6858.01,6781.6,0.5548
生物医药,原型验证,33,0.5814,0.4067,0.5551,112,2010,7696.73,4813.58,0.4367
新材料,商业化量产,14,0.7737,0.6181,0.5778,355,2015,8332.51,12286.68,0.3473
航天,流片成功,20,0.7149,0.6738,0.6749,195,2023,10594.29,10449.92,0.3083
高端装备,立项预研,25,0.7201,0.2686,0.5078,103,2019,7199.49,2249.4,0.4774
人工智能,立项预研,41,0.7493,0.6393,0.3447,100,2017,10736.96,3300.15,0.3678
新材料,流片成功,46,0.7066,0.6845,0.669,134,2019,10479.31,11157.84,0.2955
新材料,商业化量产,16,0.2413,0.559,0.2469,268,2023,3718.36,5767.59,0.5775
生物医药,立项预研,14,0.4346,0.6216,0.5156,344,2019,8469.48,2476.34,0.4262
生物医药,上市预备,22,0.2598,0.161,0.2332,342,2010,4015.96,8009.49,0.679
高端装备,流片成功,23,0.9143,0.377,0.574,393,2021,11143.64,10370.35,0.3737
半导体,原型验证,20,0.3254,0.8177,0.7209,11,2012,3569.36,2099.77,0.3753
生物医药,立项预研,16,0.7126,0.5298,0.6047,152,2015,7680.23,2471.1,0.3548
半导体,商业化量产,20,0.5134,0.6282,0.1588,107,2021,4815.99,7158.9,0.4956
航天,商业化量产,30,0.8467,0.42,0.297,454,2015,11345.22,17134.13,0.4351
生物医药,商业化量产,47,0.586,0.5983,0.3732,314,2019,11389.13,17589.17,0.4224
航天,上市预备,22,0.6039,0.2332,0.7047,270,2020,9519.85,19435.03,0.447
生物医药,立项预研,43,0.9554,0.3909,0.6173,421,2010,16831.73,4884.58,0.3116
新材料,立项预研,30,0.1633,0.9052,0.2721,79,2023,3185.59,973.22,0.4724
生物医药,流片成功,26,0.3816,0.247,0.4278,418,2022,8160.99,7778.77,0.608
新材料,原型验证,13,0.6099,0.4527,0.155,139,2014,3864.76,2489.41,0.5232
高端装备,立项预研,39,0.4786,0.3829,0.2882,331,2015,7158.07,2261.66,0.531
人工智能,流片成功,25,0.2861,0.3181,0.1612,253,2012,4087.59,4187.76,0.6546
航天,商业化量产,34,0.889,0.7176,0.4518,386,2011,13875.22,20236.08,0.2807
人工智能,商业化量产,42,0.4885,0.3754,0.2491,57,2018,7258.88,11014.74,0.5159
新材料,流片成功,43,0.8237,0.2404,0.3926,374,2019,12925.7,12773.23,0.4318
人工智能,立项预研,27,0.8038,0.8401,0.7116,314,2011,16255.61,5126.17,0.2146
半导体,商业化量产,27,0.5605,0.8067,0.5091,190,2016,8495.01,13432.67,0.3308
航天,立项预研,44,0.429,0.7447,0.1748,211,2017,6634.33,2016.6,0.447
航天,立项预研,20,0.4094,0.7175,0.4483,292,2013,7274.51,2145.98,0.4426
高端装备,立项预研,24,0.2436,0.3558,0.6059,481,2020,10344.87,2897.31,0.5714
生物医药,原型验证,30,0.6786,0.5327,0.686,442,2016,15064.44,8174.88,0.3513
半导体,原型验证,41,0.6867,0.5275,0.6946,380,2020,16677.21,9994.91,0.3252
新材料,立项预研,18,0.5385,0.3787,0.6853,197,2013,8003.04,2275.28,0.4426
生物医药,原型验证,18,0.3156,0.8413,0.2117,15,2015,2452.93,1529.57,0.4833
生物医药,立项预研,18,0.7314,0.5287,0.6479,56,2024,5914.62,1698.76,0.3733
航天,商业化量产,47,0.7166,0.3138,0.336,475,2021,12091.37,17540.88,0.4537
生物医药,商业化量产,38,0.7603,0.3514,0.1741,471,2014,10344.78,15115.08,0.4998
高端装备,上市预备,7,0.8176,0.2043,0.4502,124,2011,4068.4,7965.3,0.5121
半导体,立项预研,29,0.3266,0.9627,0.6854,426,2019,16201.94,4214.5,0.3241
人工智能,立项预研,10,0.1492,0.1963,0.5569,366,2015,6742.33,2126.24,0.6769
半导体,商业化量产,23,0.4296,0.3096,0.7751,472,2014,15302.68,21564.51,0.4654
半导体,商业化量产,43,0.8668,0.6344,0.3532,184,2023,10454.8,14742.86,0.3345
航天,上市预备,33,0.1096,0.1498,0.4096,466,2010,7181.32,13536.07,0.6797
人工智能,原型验证,40,0.5136,0.7554,0.5517,424,2015,14132.72,8347.63,0.3735
半导体,原型验证,15,0.7809,0.7624,0.6939,437,2010,15568.82,10356.2,0.2922
航天,商业化量产,19,0.8639,0.6271,0.1276,94,2022,6076.23,9525.18,0.3868
航天,原型验证,42,0.6539,0.8421,0.493,164,2017,10762.81,6819.92,0.2873
高端装备,商业化量产,33,0.6555,0.5589,0.2458,453,2021,8706.63,12921.39,0.447
新材料,商业化量产,19,0.5245,0.7867,0.6368,105,2023,6007.38,9726.69,0.3613
人工智能,商业化量产,16,0.771,0.5042,0.2387,302,2011,6713.93,9790.41,0.4357
半导体,立项预研,27,0.5152,0.5191,0.7642,403,2012,13372.51,3857.93,0.3923
人工智能,商业化量产,27,0.8771,0.5783,0.6247,49,2012,8409.15,13454.32,0.3005
半导体,原型验证,47,0.4183,0.7812,0.2552,218,2022,7757.0,4590.5,0.4239
半导体,商业化量产,40,0.1433,0.6189,0.6983,199,2022,7016.65,10879.65,0.5055
高端装备,原型验证,20,0.5817,0.418,0.1809,463,2022,5831.2,3498.55,0.5527
半导体,商业化量产,8,0.7804,0.3199,0.2011,101,2020,3926.02,5278.15,0.5389
新材料,商业化量产,31,0.5398,0.8274,0.1817,127,2014,5764.37,9176.65,0.3865
生物医药,原型验证,40,0.6129,0.6526,0.7388,95,2021,7448.58,4487.96,0.3378
航天,立项预研,18,0.2162,0.4987,0.5071,186,2014,4971.18,1363.91,0.5801
新材料,流片成功,14,0.8133,0.3523,0.564,162,2022,5898.57,5796.18,0.4257
高端装备,商业化量产,5,0.1107,0.5598,0.566,155,2018,4788.17,6680.29,0.643
人工智能,流片成功,45,0.9171,0.3395,0.6071,431,2024,18817.29,19701.18,0.3324
生物医药,原型验证,24,0.4822,0.6446,0.6225,480,2014,15466.73,8925.05,0.4197
新材料,立项预研,34,0.9278,0.3486,0.7121,203,2015,10400.86,3229.3,0.3119
高端装备,立项预研,43,0.8878,0.891,0.4376,35,2012,8970.47,2858.87,0.1846
生物医药,原型验证,43,0.7995,0.488,0.4071,155,2021,11402.94,6567.55,0.3661
高端装备,商业化量产,43,0.0661,0.2232,0.7534,417,2017,11330.47,17185.44,0.5763
人工智能,立项预研,28,0.825,0.2658,0.1605,416,2021,10262.29,3050.45,0.4732
半导体,立项预研,35,0.1108,0.8646,0.6647,217,2015,7321.54,2333.69,0.4273
半导体,立项预研,22,0.3044,0.1187,0.7589,119,2010,6175.37,1870.93,0.5672
航天,原型验证,32,0.5273,0.5191,0.6598,466,2019,14188.04,9049.56,0.4049
新材料,流片成功,5,0.5404,0.3042,0.3835,441,2011,6360.05,6078.84,0.5952
高端装备,立项预研,24,0.1455,0.4545,0.4553,335,2023,6039.41,1792.4,0.6101
生物医药,流片成功,10,0.9491,0.3362,0.1544,178,2013,4551.82,4193.61,0.4896
人工智能,流片成功,17,0.6558,0.2576,0.1209,202,2018,4574.05,4589.32,0.56
人工智能,立项预研,18,0.7748,0.6714,0.4442,319,2024,10241.21,2799.85,0.335
半导体,流片成功,7,0.8064,0.6013,0.5706,181,2017,8203.66,8131.45,0.3852
人工智能,商业化量产,15,0.6814,0.1091,0.1901,220,2010,4403.41,6516.3,0.6046
航天,商业化量产,37,0.6983,0.3712,0.4277,93,2023,7697.72,12678.06,0.4452
新材料,上市预备,37,0.344,0.2741,0.5039,439,2017,8933.17,18564.52,0.5483
生物医药,立项预研,23,0.2202,0.6412,0.2102,185,2022,3423.05,1015.26,0.5573
人工智能,流片成功,45,0.8697,0.1162,0.371,280,2012,12325.21,12819.31,0.4974
半导体,立项预研,17,0.4768,0.3733,0.789,426,2017,16033.48,4915.99,0.4429
航天,流片成功,45,0.776,0.8769,0.7529,98,2012,11817.03,10959.75,0.1914
人工智能,原型验证,34,0.8479,0.6236,0.645,161,2024,13927.37,8177.31,0.2769
生物医药,立项预研,39,0.5204,0.7221,0.7121,355,2010,13096.97,3472.89,0.3391
航天,立项预研,31,0.8391,0.3964,0.2656,250,2015,9151.52,2761.02,0.4342
航天,立项预研,45,0.7367,0.3369,0.7357,333,2024,15339.68,4506.55,0.3843
半导体,流片成功,28,0.5921,0.3726,0.4879,39,2016,5674.41,5864.9,0.4892
生物医药,流片成功,38,0.5517,0.8999,0.7737,127,2011,11256.88,10941.95,0.1948
航天,流片成功,38,0.7791,0.8336,0.2931,262,2022,11124.93,10839.21,0.3205
新材料,原型验证,28,0.6353,0.1696,0.6399,339,2018,10709.91,6665.46,0.4839
高端装备,流片成功,29,0.5889,0.7936,0.5452,368,2019,11475.81,10398.81,0.3583
生物医药,上市预备,38,0.4997,0.0523,0.7386,258,2024,11265.63,21919.0,0.5208
航天,商业化量产,28,0.3942,0.3229,0.7213,165,2021,7642.59,11008.89,0.5033
人工智能,商业化量产,11,0.2804,0.8296,0.4082,244,2011,6739.34,10204.8,0.4933
生物医药,原型验证,30,0.2178,0.6814,0.3245,301,2011,6328.69,3690.71,0.5455
人工智能,流片成功,29,0.4351,0.2387,0.6057,399,2018,11576.16,11252.51,0.5459
高端装备,原型验证,6,0.905,0.6735,0.436,474,2011,9182.4,5456.02,0.341
新材料,原型验证,24,0.679,0.8563,0.1476,36,2015,5087.81,2925.07,0.3749
航天,商业化量产,49,0.2889,0.4655,0.5337,126,2020,6011.72,9153.78,0.5304
高端装备,立项预研,20,0.2744,0.4464,0.6947,410,2017,10516.14,2786.02,0.4857
人工智能,流片成功,48,0.9454,0.6655,0.5787,63,2017,13461.82,13834.42,0.2445
高端装备,流片成功,35,0.8845,0.3138,0.2137,132,2019,7194.88,7490.07,0.4459
高端装备,原型验证,9,0.797,0.8889,0.4613,476,2014,9961.63,6214.15,0.3154
航天,立项预研,36,0.2773,0.9033,0.3167,184,2019,5535.35,1740.36,0.3985
航天,立项预研,7,0.6164,0.6384,0.2177,238,2020,4716.54,1423.5,0.4958
生物医药,流片成功,15,0.0883,0.7427,0.5556,367,2016,7315.87,7689.88,0.5089
半导体,商业化量产,29,0.7018,0.4526,0.6078,476,2016,13837.03,21627.46,0.3869
人工智能,商业化量产,11,0.9344,0.3515,0.48,427,2014,11321.62,17529.37,0.4151
生物医药,原型验证,30,0.2475,0.0956,0.6488,124,2019,6211.35,3778.68,0.6005
高端装备,流片成功,28,0.9661,0.421,0.1256,393,2013,7442.71,7585.48,0.419
航天,商业化量产,23,0.6076,0.2345,0.762,163,2017,8056.12,13325.12,0.4393
半导体,流片成功,26,0.9687,0.5386,0.6132,491,2012,16493.6,16605.12,0.2907
新材料,原型验证,8,0.71,0.1252,0.4742,310,2017,6803.21,3976.73,0.544
人工智能,立项预研,20,0.9409,0.4002,0.5374,47,2018,7186.96,2084.46,0.3363
半导体,上市预备,42,0.479,0.7891,0.3431,223,2011,8646.94,16982.95,0.3709
高端装备,立项预研,38,0.5077,0.2993,0.6292,218,2016,8667.84,2594.47,0.4528
高端装备,商业化量产,26,0.7254,0.6736,0.6083,78,2014,5973.5,8962.77,0.3314
高端装备,商业化量产,19,0.4033,0.2002,0.3041,266,2016,4805.29,7735.74,0.6691
新材料,原型验证,22,0.2232,0.8695,0.3901,99,2013,4219.86,2404.4,0.4929
新材料,原型验证,8,0.8131,0.2137,0.1383,133,2012,2958.81,1841.52,0.5778
半导体,原型验证,21,0.4493,0.6879,0.5657,279,2017,8701.2,5312.06,0.3923
生物医药,流片成功,29,0.774,0.0724,0.773,27,2015,7339.95,7231.77,0.4435
半导体,流片成功,47,0.5055,0.3742,0.5961,330,2022,11336.85,10633.63,0.4525
生物医药,原型验证,12,0.8847,0.651,0.3744,390,2021,10379.76,6264.41,0.3656
人工智能,立项预研,32,0.6519,0.5463,0.2562,380,2021,7907.49,2216.92,0.4595
高端装备,流片成功,47,0.4886,0.0926,0.3352,130,2013,6012.44,5608.67,0.5858
人工智能,立项预研,5,0.3324,0.303,0.2599,447,2011,5258.28,1492.59,0.6772
生物医药,原型验证,17,0.7751,0.9344,0.2281,379,2011,10113.82,6484.39,0.3255
新材料,原型验证,21,0.5953,0.3953,0.4847,101,2012,4991.04,2799.29,0.4525
半导体,流片成功,39,0.096,0.4005,0.2548,64,2016,2121.83,2073.4,0.6666
生物医药,商业化量产,42,0.2205,0.2251,0.1757,336,2021,3887.47,5501.0,0.6534
高端装备,立项预研,24,0.5319,0.7127,0.3515,473,2017,8500.33,2727.3,0.3883
人工智能,立项预研,48,0.4805,0.6433,0.7396,104,2021,10532.46,3390.35,0.3623
航天,立项预研,34,0.8413,0.1029,0.413,41,2013,8108.14,2186.24,0.4756
新材料,原型验证,12,0.4723,0.4167,0.4187,258,2011,5766.12,3364.41,0.5281
人工智能,流片成功,24,0.6534,0.7649,0.6406,459,2015,16421.12,15749.74,0.3493
人工智能,原型验证,7,0.9656,0.5145,0.3647,258,2022,6896.52,4319.51,0.4036
半导体,原型验证,30,0.9062,0.506,0.5852,342,2021,14533.97,7999.13,0.2886
航天,原型验证,32,0.417,0.6656,0.2977,195,2011,6430.28,3905.82,0.4979
人工智能,上市预备,21,0.5442,0.7636,0.4927,419,2020,10707.44,22046.56,0.3685
生物医药,商业化量产,5,0.8181,0.3935,0.5793,25,2015,2635.93,3822.49,0.4359
半导体,流片成功,22,0.7236,0.1585,0.4327,189,2015,8346.72,8283.16,0.4985
人工智能,流片成功,14,0.3478,0.6934,0.6469,376,2018,11668.63,10998.46,0.4433
半导体,商业化量产,39,0.8838,0.6772,0.3542,192,2024,11909.73,19498.61,0.312
新材料,原型验证,10,0.5718,0.5831,0.4665,26,2022,2552.58,1436.68,0.4361
半导体,立项预研,41,0.632,0.6394,0.102,298,2011,8695.91,2489.11,0.4303
人工智能,原型验证,43,0.7061,0.3402,0.3194,277,2014,9248.74,5719.38,0.4677
半导体,立项预研,39,0.4843,0.2075,0.4687,262,2022,8980.27,2563.39,0.5468
半导体,立项预研,39,0.9242,0.2014,0.745,231,2011,15365.29,4459.59,0.3389
人工智能,立项预研,21,0.5517,0.732,0.1098,176,2021,6806.36,1880.65,0.4367
半导体,立项预研,14,0.9124,0.8056,0.1176,28,2016,6038.84,1860.48,0.3557
半导体,上市预备,46,0.773,0.5203,0.1198,306,2022,10189.06,21213.93,0.4047
半导体,立项预研,42,0.5578,0.4534,0.7509,396,2016,16148.49,4715.98,0.3639
生物医药,商业化量产,23,0.5866,0.3165,0.2992,481,2020,9170.22,12644.84,0.5061
半导体,立项预研,30,0.4872,0.4285,0.6967,265,2010,11242.87,3270.24,0.4158
航天,流片成功,10,0.3104,0.4487,0.4142,444,2010,8387.21,8283.88,0.6057
生物医药,原型验证,15,0.9839,0.6175,0.4441,181,2021,8997.72,5660.2,0.2768
半导体,流片成功,10,0.0808,0.3894,0.3495,166,2013,2944.21,3109.87,0.6465
人工智能,商业化量产,31,0.3641,0.7351,0.1912,493,2017,7514.82,10843.68,0.4729
半导体,流片成功,12,0.9345,0.8333,0.6231,54,2018,6183.56,6275.87,0.2051
人工智能,原型验证,5,0.8257,0.8088,0.331,224,2022,7524.32,4452.02,0.3865
新材料,上市预备,34,0.682,0.4612,0.6474,496,2024,14208.48,24919.58,0.3692
航天,立项预研,41,0.8206,0.5343,0.2301,253,2011,9218.15,2767.68,0.3896
半导体,原型验证,48,0.5658,0.6413,0.1339,245,2022,9636.34,6126.14,0.4427
生物医药,原型验证,25,0.363,0.0364,0.1664,428,2010,5144.65,2803.06,0.6979
航天,上市预备,38,0.2306,0.5875,0.3616,405,2022,5980.38,12112.85,0.5099
生物医药,原型验证,48,0.0765,0.1276,0.6544,52,2016,2447.45,1407.6,0.6222
人工智能,原型验证,34,0.325,0.5142,0.289,92,2012,4660.15,2759.1,0.5432
生物医药,原型验证,27,0.5766,0.7082,0.1061,340,2014,6717.04,3910.13,0.4804
新材料,商业化量产,29,0.8294,0.4997,0.1743,455,2023,7898.85,11854.58,0.391
新材料,立项预研,38,0.2664,0.1927,0.7849,300,2020,10096.01,3040.9,0.5672
生物医药,原型验证,36,0.5332,0.1263,0.2379,380,2019,7233.37,4435.87,0.5694
生物医药,原型验证,30,0.5165,0.5205,0.2766,55,2012,4726.82,2834.35,0.4801
半导体,商业化量产,32,0.2302,0.1951,0.1171,362,2021,3098.44,4387.12,0.6499
航天,流片成功,42,0.649,0.3401,0.3026,259,2014,9382.4,9602.34,0.49
新材料,流片成功,6,0.3413,0.5657,0.2233,209,2019,2810.73,2768.45,0.5757
生物医药,上市预备,32,0.3937,0.5645,0.1215,317,2013,5595.07,10720.74,0.5234
半导体,上市预备,14,0.1979,0.332,0.2743,244,2015,3664.51,7427.24,0.6359
人工智能,商业化量产,26,0.7098,0.7579,0.7005,35,2014,8637.47,14190.31,0.2653
新材料,立项预研,36,0.4755,0.9203,0.4865,465,2017,11679.74,3342.4,0.3132
生物医药,立项预研,20,0.8241,0.5508,0.5039,460,2016,12364.05,3839.51,0.3268
生物医药,原型验证,16,0.9308,0.7793,0.4919,134,2018,9489.13,5708.26,0.2383
人工智能,流片成功,14,0.4084,0.2838,0.502,242,2023,7348.65,7357.63,0.5817
半导体,流片成功,12,0.9315,0.7496,0.25,122,2022,6433.11,6272.4,0.3354
航天,商业化量产,42,0.7254,0.315,0.519,200,2018,8842.55,13471.64,0.4135
半导体,原型验证,18,0.2301,0.7253,0.1587,104,2010,3458.5,2208.99,0.5542
生物医药,流片成功,29,0.7041,0.4983,0.786,405,2022,15063.5,14681.48,0.3543
高端装备,立项预研,12,0.8555,0.1295,0.6471,360,2022,10637.44,3264.76,0.4355
航天,商业化量产,28,0.5711,0.1658,0.2344,388,2018,7033.27,10619.16,0.5979
生物医药,立项预研,26,0.6404,0.1331,0.6043,144,2017,6492.79,2062.42,0.4872
高端装备,流片成功,15,0.0949,0.2435,0.5759,141,2016,3418.37,3459.93,0.6834
半导体,立项预研,16,0.036,0.3043,0.3007,215,2010,3450.64,1023.8,0.7121
半导体,商业化量产,50,0.9146,0.29,0.6656,71,2016,12074.05,17370.47,0.3312
生物医药,原型验证,21,0.6446,0.2926,0.4026,35,2011,5668.95,3365.96,0.5121
半导体,商业化量产,44,0.6666,0.4904,0.6424,485,2017,14963.09,22176.49,0.3514
半导体,商业化量产,31,0.5227,0.4673,0.5938,367,2022,12054.16,19136.96,0.4175
航天,立项预研,17,0.5646,0.6167,0.7376,393,2016,14308.58,4316.75,0.3476
半导体,立项预研,20,0.5353,0.4195,0.4227,330,2020,8960.16,3014.17,0.4842
人工智能,上市预备,48,0.8378,0.3549,0.275,77,2014,12601.93,26680.91,0.4323
新材料,原型验证,33,0.2345,0.5464,0.4557,238,2022,5415.61,3325.45,0.5321
半导体,流片成功,24,0.3019,0.5797,0.5466,284,2023,8627.13,8577.35,0.4914
半导体,原型验证,40,0.6795,0.3765,0.4005,424,2018,13972.48,8524.45,0.4284
新材料,商业化量产,17,0.581,0.4754,0.4101,407,2017,8594.84,12865.68,0.4752
高端装备,商业化量产,16,0.1936,0.8675,0.2729,447,2022,6725.34,10358.09,0.5481
生物医药,原型验证,40,0.7691,0.2888,0.6141,116,2017,11939.12,7149.45,0.4248
高端装备,商业化量产,25,0.7311,0.5248,0.7137,422,2024,15453.46,23880.39,0.3521
生物医药,上市预备,44,0.8112,0.6035,0.2961,329,2019,11421.14,21566.7,0.3951
生物医药,商业化量产,45,0.4631,0.6968,0.6886,422,2023,14133.55,23669.73,0.3751
人工智能,原型验证,37,0.6275,0.563,0.4536,110,2023,8075.24,4745.25,0.3827
新材料,立项预研,47,0.756,0.3959,0.7633,438,2020,17549.24,4896.51,0.3428
生物医药,立项预研,20,0.7291,0.3229,0.3705,398,2022,10327.91,3130.73,0.4781
航天,原型验证,8,0.6324,0.8633,0.3774,60,2020,4520.03,2665.62,0.3976
半导体,商业化量产,46,0.7266,0.604,0.507,185,2016,13370.86,18994.74,0.3548
航天,立项预研,31,0.3793,0.6416,0.1494,263,2014,5700.2,1667.44,0.518
高端装备,原型验证,31,0.3264,0.6376,0.1088,359,2023,4463.71,2662.25,0.522
新材料,立项预研,46,0.5619,0.5433,0.7889,34,2014,5761.04,1669.48,0.3482
航天,上市预备,47,0.1933,0.2074,0.2198,427,2024,4688.13,8744.31,0.6588
人工智能,商业化量产,18,0.2362,0.3993,0.7099,90,2010,4902.47,7827.6,0.5166
半导体,商业化量产,8,0.2604,0.7286,0.1847,490,2016,5686.66,7815.78,0.5539
半导体,原型验证,7,0.6126,0.634,0.1304,78,2022,3185.76,1958.47,0.4961
生物医药,原型验证,6,0.7583,0.5994,0.1276,460,2014,4794.74,2762.86,0.4818
航天,流片成功,38,0.9463,0.4028,0.7236,165,2011,13043.92,13706.52,0.2842
生物医药,原型验证,13,0.4518,0.563,0.1309,398,2016,4195.4,2239.22,0.5362
航天,上市预备,9,0.7673,0.2442,0.3382,298,2019,6836.86,13667.09,0.554
新材料,原型验证,15,0.6232,0.2612,0.767,473,2015,12952.65,7328.92,0.4617
生物医药,商业化量产,49,0.346,0.3865,0.2693,150,2021,4692.95,7457.99,0.5736
新材料,原型验证,43,0.5325,0.4357,0.2333,286,2023,6774.65,3927.18,0.4871
航天,流片成功,26,0.7091,0.5012,0.5221,433,2011,11591.9,11249.21,0.3993
高端装备,立项预研,27,0.9281,0.1776,0.2745,19,2024,7379.47,2307.32,0.4895
高端装备,原型验证,7,0.4644,0.1956,0.5887,342,2020,8037.99,4741.82,0.5795
高端装备,上市预备,34,0.1242,0.1284,0.2924,44,2023,1415.07,2990.02,0.697
人工智能,流片成功,47,0.8075,0.3789,0.7591,247,2019,17759.56,16737.78,0.3273
航天,流片成功,44,0.8391,0.6682,0.463,270,2017,12652.62,12996.16,0.2876
半导体,商业化量产,48,0.6087,0.894,0.3976,213,2021,13574.72,21661.8,0.3055
高端装备,原型验证,18,0.4339,0.2447,0.7942,281,2018,10092.06,6095.74,0.5206
新材料,上市预备,39,0.4454,0.4253,0.1244,388,2013,6548.26,12254.68,0.5224
高端装备,上市预备,32,0.7839,0.3501,0.5984,325,2010,11810.09,24193.0,0.3801
新材料,上市预备,18,0.9064,0.4036,0.3054,174,2016,6265.94,11413.07,0.4176
高端装备,商业化量产,25,0.2531,0.9647,0.3865,112,2021,4745.76,7276.73,0.4308
人工智能,上市预备,46,0.7328,0.2857,0.781,254,2021,18923.3,39877.11,0.3783
生物医药,立项预研,12,0.4924,0.8586,0.3017,116,2021,5571.74,1726.75,0.4069
高端装备,立项预研,17,0.3275,0.4288,0.2953,432,2024,5478.42,1523.99,0.5935
航天,上市预备,31,0.568,0.5693,0.3611,316,2021,9383.08,18873.67,0.4571
半导体,立项预研,24,0.563,0.763,0.3132,214,2014,8323.79,2499.43,0.3903
高端装备,立项预研,20,0.5309,0.4686,0.1085,125,2022,3484.04,1000.52,0.521
生物医药,原型验证,34,0.786,0.2412,0.2638,347,2010,10381.54,6393.73,0.4925
半导体,原型验证,49,0.2538,0.6538,0.6901,363,2012,10662.63,5899.84,0.4049
高端装备,流片成功,43,0.8968,0.6992,0.7635,376,2022,17360.67,17755.18,0.1908
生物医药,原型验证,43,0.5454,0.6928,0.6341,57,2018,8289.22,5113.98,0.3352
生物医药,立项预研,42,0.6603,0.608,0.5916,406,2016,14961.5,4186.69,0.3468
航天,流片成功,31,0.1389,0.2875,0.2574,355,2024,4433.19,4731.53,0.6659
人工智能,原型验证,28,0.9207,0.1733,0.526,228,2024,12223.24,6752.44,0.4134
人工智能,商业化量产,39,0.4535,0.4504,0.7849,243,2018,13265.69,18998.74,0.4035
半导体,流片成功,24,0.8866,0.3067,0.5124,282,2010,11699.11,11316.1,0.3881
人工智能,流片成功,17,0.3774,0.709,0.4892,231,2016,7764.57,7668.67,0.4665
新材料,上市预备,25,0.2646,0.4022,0.5773,80,2011,3741.07,7710.53,0.5153
生物医药,立项预研,8,0.6779,0.473,0.3591,285,2023,6340.66,1916.0,0.4676
生物医药,原型验证,28,0.8868,0.3746,0.432,57,2015,8839.14,4822.99,0.3688
生物医药,原型验证,6,0.4837,0.6257,0.7237,48,2013,3042.78,1822.19,0.4426
半导体,立项预研,5,0.5897,0.217,0.2117,178,2017,2913.66,894.48,0.6505
人工智能,原型验证,12,0.5261,0.8938,0.7126,273,2015,10339.74,6059.9,0.3674
高端装备,流片成功,5,0.9366,0.738,0.3329,74,2018,4068.74,3717.56,0.3619
航天,原型验证,35,0.3333,0.4527,0.7457,18,2011,3740.55,2286.64,0.4545
半导体,立项预研,21,0.5545,0.09,0.3689,307,2012,7221.16,2255.03,0.6195
生物医药,原型验证,19,0.5004,0.764,0.7182,277,2015,11112.87,6807.31,0.3457
人工智能,原型验证,26,0.8698,0.401,0.1326,360,2024,8424.45,5514.63,0.4582
半导体,原型验证,44,0.8879,0.4126,0.2398,368,2019,11503.56,6741.63,0.4206
新材料,流片成功,28,0.7477,0.6658,0.7825,25,2017,6232.24,7232.13,0.2559
航天,原型验证,18,0.3006,0.3769,0.7214,240,2012,8574.54,5032.42,0.5492
高端装备,原型验证,37,0.2527,0.3838,0.3425,24,2012,2877.31,1702.73,0.5881
航天,流片成功,9,0.7835,0.2685,0.5383,234,2015,6588.76,6425.75,0.4725
高端装备,流片成功,45,0.6126,0.5333,0.3928,100,2015,8169.55,8079.38,0.3874
高端装备,原型验证,45,0.7386,0.0935,0.4031,301,2016,11068.97,6141.32,0.5299
半导体,原型验证,11,0.8275,0.7058,0.4677,82,2017,6116.77,3468.91,0.3039
生物医药,商业化量产,38,0.9414,0.7773,0.4491,441,2013,17427.94,27253.05,0.2258
半导体,流片成功,12,0.6651,0.7628,0.2166,265,2011,6401.38,5873.39,0.434
半导体,立项预研,45,0.8471,0.7469,0.4892,72,2022,14040.1,4047.18,0.308
生物医药,商业化量产,30,0.518,0.3511,0.3117,239,2021,7141.01,10765.03,0.5369
新材料,商业化量产,24,0.6654,0.1939,0.4276,96,2020,4989.95,7563.19,0.5449
半导体,流片成功,24,0.3745,0.829,0.3404,260,2015,7019.37,6814.91,0.4167
航天,原型验证,32,0.2947,0.3581,0.727,389,2024,11671.27,6831.13,0.481
航天,商业化量产,26,0.91,0.4295,0.3826,107,2020,7350.33,11509.26,0.3842
新材料,商业化量产,33,0.4237,0.2298,0.7532,428,2013,12194.9,18345.76,0.4679
新材料,立项预研,16,0.1685,0.4955,0.6286,178,2013,5225.14,1606.32,0.5197
人工智能,原型验证,20,0.1418,0.5689,0.323,258,2016,5897.52,3523.82,0.5922
航天,商业化量产,50,0.0832,0.1382,0.7362,36,2017,2048.79,2988.69,0.6095
半导体,商业化量产,23,0.3729,0.634,0.316,325,2015,7572.52,11034.79,0.4918
生物医药,商业化量产,50,0.7533,0.7361,0.2696,343,2019,12148.4,18270.6,0.3011
人工智能,流片成功,38,0.8205,0.4055,0.659,450,2012,20225.45,20129.4,0.3416
生物医药,流片成功,37,0.1395,0.2987,0.5243,467,2013,8175.67,8349.32,0.5845
新材料,原型验证,21,0.8413,0.3958,0.7221,185,2015,9138.81,5771.17,0.3605
半导体,原型验证,50,0.4654,0.3707,0.6013,415,2022,12917.1,8187.7,0.4576
半导体,原型验证,43,0.4279,0.6918,0.1447,252,2021,7607.77,4648.79,0.4356
新材料,原型验证,29,0.3895,0.739,0.7682,131,2018,7233.43,4758.07,0.3607
航天,立项预研,7,0.5179,0.323,0.3812,361,2019,5828.87,1985.31,0.6137
半导体,立项预研,11,0.7421,0.2333,0.1941,88,2012,4208.33,1270.67,0.5487
生物医药,立项预研,22,0.4903,0.5527,0.7372,350,2012,13891.45,4555.85,0.3593
半导体,上市预备,22,0.7236,0.4104,0.1559,198,2022,7255.53,13365.39,0.4829
航天,流片成功,45,0.5324,0.6317,0.226,22,2023,6091.27,5904.66,0.4602
航天,流片成功,48,0.8062,0.3694,0.6251,186,2011,12277.03,13007.8,0.3772
人工智能,原型验证,12,0.5338,0.4976,0.27,18,2020,3664.77,2277.74,0.5223
人工智能,原型验证,32,0.2506,0.7434,0.6209,459,2024,12464.96,7729.15,0.4305
半导体,原型验证,47,0.2721,0.6963,0.5848,146,2014,8632.4,5095.31,0.4448
航天,立项预研,8,0.8431,0.6298,0.685,337,2024,10981.88,3565.36,0.3364
人工智能,流片成功,23,0.5697,0.5328,0.7125,256,2023,11782.86,11901.72,0.398
新材料,立项预研,7,0.8271,0.3939,0.526,181,2013,5986.7,1767.2,0.4565
半导体,上市预备,43,0.7765,0.7405,0.3425,173,2010,12838.53,26731.08,0.3165
生物医药,原型验证,8,0.4655,0.6944,0.2091,216,2023,3561.8,2150.75,0.4961
新材料,立项预研,27,0.6323,0.5555,0.2908,477,2017,8060.06,2571.47,0.4296
新材料,流片成功,14,0.3454,0.2868,0.7549,118,2014,5514.35,5158.02,0.5699
人工智能,流片成功,5,0.9119,0.3343,0.5817,19,2016,3080.73,3185.36,0.4289
半导体,流片成功,38,0.5803,0.234,0.6298,251,2022,11963.09,12066.39,0.4714
生物医药,流片成功,21,0.7389,0.4669,0.4882,360,2020,11009.12,11030.48,0.4078
半导体,商业化量产,13,0.4103,0.8499,0.6211,455,2021,11962.35,17780.54,0.3611
高端装备,商业化量产,9,0.3892,0.1696,0.1174,25,2015,1391.4,2132.51,0.6993
高端装备,立项预研,27,0.5639,0.4038,0.4455,165,2017,6138.43,1745.09,0.4494
航天,流片成功,33,0.797,0.6282,0.712,37,2012,7957.48,7505.14,0.2906
航天,上市预备,31,0.8046,0.5873,0.7271,78,2023,8421.82,15937.53,0.2633
新材料,商业化量产,31,0.7151,0.4282,0.7068,262,2016,12106.54,18567.64,0.3481
人工智能,流片成功,36,0.9232,0.9174,0.1078,498,2018,13948.07,13357.18,0.2631
半导体,流片成功,18,0.3422,0.4216,0.6457,122,2013,5638.44,5049.19,0.5001
人工智能,流片成功,35,0.4841,0.426,0.2153,187,2019,6403.03,6228.1,0.5227
生物医药,立项预研,26,0.7513,0.6691,0.2297,269,2024,9424.29,3010.12,0.3919
半导体,立项预研,35,0.6501,0.6964,0.2533,473,2015,11085.57,3207.91,0.3816
半导体,商业化量产,16,0.5303,0.4376,0.1311,493,2023,6027.32,9032.24,0.5624
半导体,立项预研,35,0.534,0.1902,0.7794,465,2011,16240.25,5121.56,0.4912
新材料,原型验证,30,0.7513,0.2892,0.7593,317,2015,12039.33,7610.67,0.3919
半导体,原型验证,24,0.2859,0.6241,0.5431,353,2017,8837.58,5124.05,0.5107
新材料,原型验证,33,0.6455,0.1047,0.4927,490,2013,9536.09,5890.43,0.4926
人工智能,流片成功,17,0.3377,0.6204,0.6083,111,2022,6114.56,6226.39,0.4883
生物医药,流片成功,15,0.7188,0.594,0.7777,30,2020,6242.06,6863.8,0.328
航天,上市预备,5,0.4317,0.054,0.1025,203,2015,1153.92,2165.8,0.734
半导体,原型验证,11,0.811,0.6719,0.6868,24,2010,5253.55,3094.08,0.289
生物医药,流片成功,43,0.2924,0.7928,0.7615,271,2019,12132.34,12495.19,0.379
高端装备,商业化量产,24,0.8407,0.4696,0.1028,448,2024,6721.26,10140.66,0.4481
生物医药,商业化量产,23,0.8523,0.4436,0.2755,400,2016,10280.58,16478.07,0.3982
半导体,商业化量产,28,0.8252,0.6983,0.5905,335,2016,15333.74,22579.85,0.2745
新材料,商业化量产,13,0.4725,0.3964,0.1175,225,2016,2960.35,4425.85,0.5686
半导体,立项预研,43,0.9513,0.7976,0.2016,207,2010,13998.95,4417.92,0.2878
新材料,立项预研,12,0.3004,0.6042,0.6704,339,2012,8488.92,2564.51,0.4962
人工智能,原型验证,19,0.4177,0.5317,0.7658,140,2022,7585.96,4221.1,0.3953
半导体,立项预研,7,0.2195,0.4906,0.5574,322,2014,7212.33,2322.57,0.6008
人工智能,原型验证,43,0.965,0.7108,0.1111,165,2023,12945.29,6971.93,0.3343
航天,流片成功,6,0.2138,0.3144,0.3873,292,2024,3977.84,4063.54,0.6889
生物医药,流片成功,22,0.2053,0.8666,0.3152,348,2013,6116.24,5986.39,0.4859
半导体,立项预研,43,0.8236,0.7072,0.6874,143,2011,15936.73,4803.1,0.2443
航天,原型验证,20,0.2651,0.6113,0.2121,223,2021,4225.52,2446.14,0.5411
人工智能,商业化量产,48,0.6485,0.8867,0.7944,80,2020,13513.53,20182.92,0.2125
半导体,原型验证,21,0.129,0.503,0.5916,79,2020,3571.44,2253.77,0.5405
生物医药,流片成功,6,0.7568,0.6539,0.2319,278,2014,5236.14,5097.39,0.4654
半导体,商业化量产,46,0.4141,0.7108,0.5312,154,2015,9539.07,14974.47,0.3408
生物医药,流片成功,19,0.288,0.326,0.3498,79,2023,3238.86,3268.93,0.6157
高端装备,上市预备,7,0.6772,0.5609,0.1838,178,2021,3848.74,7692.9,0.5054
半导体,商业化量产,37,0.6889,0.3903,0.3359,197,2022,8956.58,13681.13,0.4357
新材料,商业化量产,16,0.8553,0.3538,0.1912,196,2020,5208.78,7847.59,0.4641
航天,商业化量产,42,0.5759,0.5759,0.4959,417,2016,10439.59,14861.37,0.3958
新材料,商业化量产,30,0.8485,0.4986,0.4844,126,2015,8714.57,13142.28,0.344
新材料,商业化量产,9,0.7444,0.4992,0.6552,437,2024,12920.86,18188.4,0.3696
高端装备,商业化量产,29,0.4922,0.8494,0.1026,285,2020,5694.56,8439.18,0.4108
高端装备,原型验证,9,0.5424,0.4479,0.7772,329,2016,9656.76,5819.33,0.4721
高端装备,商业化量产,30,0.6343,0.4984,0.2475,244,2018,6772.64,10887.17,0.4235
人工智能,上市预备,15,0.8226,0.1746,0.7707,46,2020,6249.95,12406.34,0.4405
航天,立项预研,36,0.7428,0.6568,0.212,376,2017,9743.83,3095.1,0.3546
新材料,商业化量产,50,0.2921,0.6194,0.332,219,2017,5727.89,8948.04,0.4457
半导体,上市预备,39,0.2147,0.6847,0.3426,33,2011,3531.42,7026.58,0.4876
航天,商业化量产,42,0.5687,0.4971,0.5616,286,2011,10578.47,16633.06,0.4155
航天,原型验证,5,0.5711,0.6477,0.7143,84,2015,5251.2,3096.97,0.4312
航天,流片成功,47,0.9252,0.8066,0.6966,142,2019,14305.23,14483.28,0.1741
高端装备,立项预研,12,0.3933,0.0998,0.1096,464,2024,3346.98,949.77,0.7143
生物医药,流片成功,7,0.8211,0.4491,0.5303,114,2019,5227.46,4894.03,0.4366
新材料,流片成功,25,0.0412,0.4023,0.5153,143,2010,3373.37,3576.24,0.5947
高端装备,上市预备,21,0.55,0.6182,0.7883,82,2019,7592.06,14842.36,0.2984
高端装备,立项预研,42,0.882,0.42,0.5305,482,2012,15158.19,4480.89,0.3518
新材料,商业化量产,21,0.5213,0.5466,0.1064,456,2018,4783.3,6756.99,0.5351
生物医药,立项预研,37,0.1163,0.7959,0.36,330,2019,7233.66,1997.66,0.4768
生物医药,商业化量产,28,0.7376,0.5045,0.3373,119,2012,6921.24,10263.98,0.4309
高端装备,商业化量产,46,0.7318,0.6241,0.3412,388,2015,11413.34,17502.39,0.3725
半导体,商业化量产,12,0.743,0.0403,0.7763,414,2011,12787.13,19041.31,0.4952
高端装备,商业化量产,33,0.6019,0.4002,0.6553,40,2022,5280.89,8379.42,0.4402
生物医药,商业化量产,36,0.2616,0.2374,0.4341,227,2023,4754.96,6571.83,0.5983
航天,立项预研,19,0.7248,0.4107,0.708,381,2012,13639.27,4394.5,0.382
高端装备,原型验证,32,0.3887,0.4556,0.6792,198,2021,8293.6,4700.04,0.4649
生物医药,立项预研,21,0.0805,0.337,0.7845,118,2014,4611.35,1375.44,0.5587
高端装备,商业化量产,41,0.2894,0.4529,0.3629,241,2011,5433.99,7784.71,0.5446
半导体,流片成功,45,0.3225,0.4455,0.6718,105,2020,7212.55,7060.32,0.4608
生物医药,原型验证,7,0.4609,0.076,0.4178,359,2020,6181.2,3646.58,0.6831
生物医药,原型验证,12,0.7917,0.713,0.1449,450,2022,7206.9,4452.07,0.4219
航天,原型验证,24,0.7595,0.1094,0.7696,310,2023,11899.67,7433.27,0.4734
生物医药,原型验证,25,0.7333,0.571,0.1089,359,2014,7311.56,4123.89,0.453
半导体,流片成功,14,0.0537,0.6689,0.5658,389,2015,8158.01,8047.77,0.5857
高端装备,商业化量产,12,0.7214,0.3984,0.6291,47,2022,4907.5,7033.83,0.4422
人工智能,原型验证,19,0.6468,0.9186,0.1691,284,2019,8258.77,4995.9,0.3708
新材料,立项预研,36,0.6135,0.8222,0.5379,91,2018,7274.71,1989.45,0.3185
高端装备,原型验证,7,0.4663,0.4807,0.2827,354,2021,5221.12,3172.48,0.591
半导体,立项预研,43,0.5234,0.176,0.4353,78,2018,6994.39,2053.36,0.554
航天,立项预研,41,0.0908,0.3445,0.7943,122,2022,4571.3,1290.98,0.5435
航天,流片成功,44,0.4068,0.1552,0.7132,134,2020,6308.6,6086.12,0.5357
航天,立项预研,38,0.8069,0.3532,0.2721,326,2012,9461.22,2752.69,0.4684
航天,流片成功,8,0.444,0.203,0.5869,237,2018,5875.55,5754.02,0.5693
新材料,立项预研,46,0.6037,0.6178,0.2108,151,2016,7733.51,2391.81,0.4668
半导体,立项预研,33,0.5393,0.4494,0.68,453,2019,13523.66,3915.71,0.4358
半导体,原型验证,6,0.0966,0.7465,0.1136,344,2024,3254.25,1996.79,0.6579
新材料,商业化量产,40,0.3034,0.3973,0.5293,133,2013,6252.68,9740.25,0.5205
生物医药,商业化量产,7,0.7741,0.0651,0.576,312,2014,7966.75,11711.06,0.539
生物医药,商业化量产,18,0.8971,0.7843,0.625,406,2020,12644.15,17621.33,0.2337
生物医药,商业化量产,27,0.0836,0.4319,0.225,439,2024,3432.69,4835.89,0.6443
生物医药,流片成功,21,0.4142,0.6634,0.2492,215,2011,6492.92,6476.39,0.5027
生物医药,立项预研,23,0.3591,0.6845,0.7138,268,2020,9102.59,2645.76,0.4148
生物医药,立项预研,26,0.5043,0.5031,0.2199,485,2021,7547.93,2558.93,0.5355
人工智能,流片成功,38,0.8347,0.2913,0.3176,97,2023,10785.24,11400.52,0.4149
人工智能,原型验证,5,0.676,0.5511,0.6692,329,2017,10725.94,6477.73,0.4508
人工智能,上市预备,14,0.2758,0.6118,0.5981,62,2011,4311.28,8016.14,0.4951
半导体,原型验证,21,0.5523,0.6342,0.2189,390,2015,8662.48,5445.77,0.4409
半导体,商业化量产,19,0.3879,0.8159,0.6081,416,2013,9726.49,15827.12,0.3961
半导体,流片成功,7,0.2868,0.4024,0.7448,220,2013,7218.16,7184.52,0.5475
人工智能,立项预研,27,0.5073,0.6341,0.3565,425,2018,10120.02,3112.7,0.433
高端装备,流片成功,8,0.5224,0.6721,0.6682,155,2020,5848.67,6441.61,0.4376
航天,原型验证,22,0.6049,0.7312,0.5718,121,2014,8632.52,4958.77,0.3419
高端装备,上市预备,12,0.8082,0.524,0.1982,92,2021,4539.42,8692.89,0.4819
航天,流片成功,30,0.5512,0.5175,0.5721,474,2017,12562.7,12739.44,0.4275
高端装备,商业化量产,46,0.7683,0.2826,0.3508,59,2022,8398.16,12937.68,0.4792
航天,原型验证,24,0.9464,0.7343,0.3711,44,2012,7687.34,4260.71,0.2777
高端装备,流片成功,13,0.1954,0.5846,0.3533,317,2011,5363.7,5286.5,0.6023
人工智能,商业化量产,30,0.4897,0.1273,0.4229,150,2010,6950.68,10359.54,0.5878
生物医药,立项预研,27,0.8945,0.0393,0.5499,450,2015,11247.0,3553.71,0.5095
半导体,原型验证,49,0.7116,0.6651,0.6532,166,2017,15169.95,8473.62,0.3011
半导体,原型验证,13,0.5958,0.3148,0.4911,290,2013,7728.07,4458.05,0.5416
高端装备,立项预研,5,0.2283,0.5773,0.6911,313,2021,8253.83,2373.88,0.5413
人工智能,商业化量产,20,0.4995,0.7571,0.1326,363,2019,6972.98,10714.03,0.4671
航天,流片成功,16,0.5774,0.7925,0.409,361,2020,8274.35,7992.31,0.3752
航天,立项预研,13,0.3139,0.2689,0.2207,97,2024,2447.93,697.88,0.691
生物医药,流片成功,17,0.7356,0.4614,0.6232,427,2011,12062.59,12169.0,0.4039
生物医药,商业化量产,46,0.9159,0.2813,0.7491,180,2023,16148.58,21875.21,0.3293
生物医药,立项预研,8,0.5771,0.8074,0.5716,227,2022,7121.05,2010.63,0.3507
高端装备,商业化量产,12,0.641,0.0701,0.3749,206,2011,5108.04,8082.5,0.5792
高端装备,原型验证,23,0.5453,0.6423,0.1921,263,2013,6095.89,3537.89,0.4375
生物医药,原型验证,6,0.6104,0.4282,0.6501,370,2011,11088.64,6518.51,0.4942
新材料,立项预研,10,0.6604,0.19,0.5251,435,2020,9736.27,3043.9,0.5154
高端装备,上市预备,16,0.4569,0.8845,0.3414,312,2010,5889.27,11713.98,0.4089
新材料,立项预研,50,0.5124,0.2561,0.3186,278,2021,6991.7,2197.86,0.523
新材料,立项预研,30,0.89,0.3565,0.645,423,2023,11736.61,3334.19,0.3537
新材料,立项预研,43,0.3907,0.398,0.3945,112,2015,5277.4,1686.12,0.5079
高端装备,流片成功,38,0.4728,0.4924,0.7134,91,2015,7238.25,7027.52,0.414
半导体,立项预研,50,0.6232,0.3679,0.383,143,2011,10205.15,2904.7,0.4757
生物医药,立项预研,36,0.7438,0.62,0.1324,232,2020,9282.97,2776.51,0.3904
生物医药,立项预研,42,0.1955,0.6991,0.3956,98,2021,4501.59,1370.84,0.4858
生物医药,原型验证,43,0.9406,0.3932,0.4871,28,2023,10139.74,5857.85,0.3673
航天,商业化量产,41,0.6851,0.3426,0.3833,208,2010,8035.92,11906.12,0.4239
人工智能,商业化量产,20,0.6332,0.5946,0.1933,491,2013,7914.71,12465.56,0.4443
生物医药,上市预备,27,0.3595,0.3319,0.179,111,2010,3619.96,7470.14,0.5951
人工智能,流片成功,6,0.7663,0.6253,0.6975,109,2015,6294.12,6385.45,0.3755
高端装备,流片成功,44,0.5883,0.5818,0.529,142,2020,6607.34,7128.97,0.3961
高端装备,流片成功,6,0.8344,0.3117,0.4899,453,2022,7713.01,7326.4,0.4752
半导体,立项预研,46,0.7051,0.6968,0.163,410,2011,11658.63,3507.15,0.3914
生物医药,商业化量产,13,0.3775,0.097,0.1004,121,2024,2367.82,3544.31,0.683
人工智能,流片成功,38,0.4434,0.5221,0.4496,160,2017,8338.89,8400.45,0.4428
航天,上市预备,44,0.3879,0.4069,0.1715,186,2014,5025.99,9707.69,0.5533
航天,原型验证,39,0.5171,0.2187,0.4847,278,2010,8374.06,5068.28,0.5342
生物医药,原型验证,17,0.2724,0.4893,0.3297,394,2012,6202.7,3472.83,0.5794
半导体,上市预备,46,0.4827,0.1742,0.6621,292,2020,12030.32,23892.0,0.5192
高端装备,商业化量产,38,0.6811,0.4892,0.1363,232,2021,7250.17,10360.32,0.4505
新材料,上市预备,38,0.1913,0.6744,0.664,76,2011,3979.9,7591.05,0.4385
高端装备,原型验证,32,0.6007,0.9027,0.1413,459,2021,7857.82,4634.12,0.3698
高端装备,流片成功,5,0.4979,0.6125,0.1917,67,2017,2239.88,2433.88,0.5132
半导体,立项预研,27,0.8325,0.5552,0.67,206,2024,11428.52,3225.37,0.2969
人工智能,立项预研,17,0.3839,0.2077,0.5706,223,2012,6466.98,1651.67,0.5572
高端装备,立项预研,9,0.3334,0.5596,0.607,429,2011,8605.84,2479.2,0.4941
半导体,流片成功,28,0.4485,0.327,0.5062,125,2010,7247.84,7183.08,0.5313
人工智能,原型验证,26,0.8222,0.357,0.726,432,2011,18108.33,10892.62,0.3608
半导体,流片成功,29,0.7128,0.3875,0.116,80,2017,6089.12,5924.18,0.5072
半导体,立项预研,33,0.6778,0.5412,0.5092,169,2010,10588.42,2988.81,0.4017
半导体,商业化量产,26,0.7272,0.5877,0.281,361,2024,9707.86,14478.92,0.4135
半导体,原型验证,18,0.4039,0.4728,0.4872,354,2019,8955.11,5303.91,0.4758
高端装备,立项预研,37,0.3246,0.7723,0.761,80,2024,5882.28,1836.62,0.3377
高端装备,原型验证,27,0.1436,0.4987,0.7043,311,2019,7393.59,4428.82,0.5142
生物医药,流片成功,13,0.7466,0.1088,0.2564,142,2023,5146.0,5137.49,0.5835
新材料,上市预备,23,0.475,0.6787,0.2259,139,2024,4776.02,10135.08,0.5041
半导体,原型验证,24,0.9333,0.1976,0.1764,362,2014,8720.49,5360.28,0.4931
高端装备,商业化量产,16,0.5883,0.6461,0.6075,352,2014,10582.16,16602.16,0.3578
半导体,原型验证,47,0.2427,0.2529,0.5522,109,2016,5319.13,2955.93,0.5717
生物医药,商业化量产,26,0.8354,0.5105,0.4975,143,2013,9549.9,15642.67,0.3751
高端装备,流片成功,19,0.0079,0.2163,0.7164,363,2019,7820.05,8307.21,0.6791
高端装备,原型验证,21,0.3828,0.3815,0.7429,47,2012,3990.78,2257.34,0.4859
生物医药,商业化量产,40,0.8577,0.6508,0.4278,26,2021,10147.01,15734.58,0.3134
新材料,流片成功,8,0.851,0.252,0.7004,193,2010,7698.26,7580.87,0.4453
高端装备,流片成功,26,0.6822,0.3962,0.2228,400,2013,7463.13,8035.37,0.4796
半导体,立项预研,23,0.876,0.9785,0.3023,335,2021,12622.03,3686.75,0.2457
新材料,立项预研,47,0.8442,0.0571,0.5845,407,2020,14710.62,4780.68,0.453
航天,立项预研,43,0.5334,0.2372,0.2521,419,2010,8818.04,2748.01,0.5939
半导体,流片成功,26,0.6077,0.5911,0.4946,27,2023,6205.34,6262.43,0.4207
人工智能,原型验证,11,0.5441,0.7911,0.5049,426,2013,10064.8,5820.62,0.3502
航天,立项预研,23,0.5278,0.7282,0.6547,297,2020,11308.78,3128.5,0.3451
半导体,商业化量产,40,0.7045,0.2629,0.1087,110,2016,7795.49,11386.74,0.5484
半导体,商业化量产,24,0.2857,0.6243,0.7443,423,2018,13729.69,21353.48,0.443
半导体,商业化量产,49,0.7872,0.4922,0.5289,37,2023,10724.73,17510.16,0.304
新材料,流片成功,27,0.4663,0.3958,0.3012,371,2023,5985.46,6127.6,0.5081
生物医药,原型验证,43,0.3246,0.6037,0.2019,179,2022,5074.07,3007.97,0.5144
生物医药,流片成功,31,0.5076,0.6637,0.6414,336,2023,10901.75,10308.73,0.3727
航天,商业化量产,39,0.5358,0.8786,0.7169,474,2011,17001.24,24863.72,0.2704
高端装备,上市预备,45,0.7374,0.1599,0.3422,153,2016,8410.24,16676.2,0.5107
人工智能,立项预研,21,0.6873,0.5544,0.6499,174,2021,9669.58,2951.3,0.3184
生物医药,原型验证,15,0.4967,0.6149,0.2676,46,2023,3947.82,2227.29,0.4688
高端装备,立项预研,10,0.5919,0.6192,0.181,225,2018,4943.51,1570.61,0.4976
新材料,流片成功,34,0.7573,0.2891,0.5896,248,2021,9252.09,9155.61,0.4068
半导体,立项预研,26,0.7908,0.3006,0.6734,101,2020,9901.35,2961.86,0.3839
半导体,原型验证,35,0.3295,0.5237,0.5885,317,2022,9698.73,6051.27,0.4367
高端装备,立项预研,6,0.106,0.2789,0.2292,48,2016,1105.85,319.23,0.7738
新材料,商业化量产,26,0.7398,0.7621,0.3598,437,2017,10337.94,15518.51,0.3244
生物医药,原型验证,13,0.2581,0.2384,0.3731,283,2019,4639.86,2849.99,0.6532
人工智能,流片成功,46,0.7528,0.2749,0.665,460,2024,17702.14,17165.77,0.3755
半导体,原型验证,50,0.6579,0.8095,0.1392,71,2020,9723.31,5646.31,0.3719
半导体,上市预备,36,0.2627,0.9226,0.207,32,2011,5108.16,10991.26,0.4237
航天,商业化量产,36,0.7065,0.7074,0.4036,382,2023,13162.4,18806.73,0.341
人工智能,立项预研,34,0.7539,0.5924,0.2924,154,2018,10141.73,2963.36,0.389
生物医药,流片成功,35,0.5951,0.822,0.4358,397,2022,13204.13,13341.4,0.3519
生物医药,商业化量产,26,0.4017,0.8084,0.4786,30,2020,4648.2,7083.41,0.3942
半导体,流片成功,32,0.9455,0.5274,0.5131,176,2021,8628.1,7738.75,0.2871
半导体,流片成功,32,0.5716,0.7974,0.3078,474,2010,13050.41,12680.01,0.3632
新材料,流片成功,35,0.335,0.227,0.6506,374,2014,8775.61,8972.08,0.5185
半导体,商业化量产,25,0.8736,0.3726,0.5028,185,2014,11119.42,17435.05,0.3848
生物医药,立项预研,27,0.93,0.2658,0.5804,129,2010,9841.55,2878.63,0.3899
高端装备,原型验证,30,0.3673,0.4473,0.6535,348,2023,10219.35,5899.93,0.4535
半导体,立项预研,47,0.9232,0.5888,0.3281,477,2024,16626.25,5182.61,0.2925
航天,流片成功,48,0.6094,0.5534,0.4518,151,2023,8627.66,8388.81,0.3911
人工智能,商业化量产,25,0.1603,0.5421,0.5403,176,2022,5459.35,8152.82,0.5755
生物医药,商业化量产,35,0.846,0.5258,0.3326,436,2019,12038.05,16731.45,0.3657
半导体,立项预研,38,0.6679,0.8479,0.4822,376,2021,13651.87,3906.12,0.2935
高端装备,原型验证,32,0.4826,0.3611,0.4498,25,2022,4107.79,2451.04,0.5206
新材料,流片成功,31,0.1972,0.695,0.5947,32,2010,2637.16,2759.12,0.4563
人工智能,原型验证,34,0.5903,0.3277,0.2618,442,2017,10571.04,6527.94,0.4985
半导体,原型验证,11,0.2797,0.5338,0.2061,97,2014,2496.74,1470.92,0.6052
高端装备,立项预研,14,0.1092,0.6482,0.2948,43,2017,1809.94,569.62,0.5956
人工智能,立项预研,8,0.7046,0.4084,0.515,280,2020,9317.86,2871.29,0.4381
高端装备,立项预研,31,0.7453,0.7159,0.1486,218,2012,6396.55,1897.75,0.3777
人工智能,立项预研,13,0.8017,0.6392,0.4278,112,2010,6639.96,1866.91,0.3522
人工智能,上市预备,12,0.9416,0.6183,0.1839,343,2018,8009.43,15591.83,0.3829
半导体,流片成功,46,0.4656,0.501,0.4091,145,2023,8628.93,8455.35,0.4041
航天,立项预研,17,0.7897,0.4787,0.7485,195,2020,9814.78,2673.25,0.3543
生物医药,立项预研,6,0.3648,0.3324,0.6763,322,2018,7395.02,2235.45,0.5996
生物医药,流片成功,12,0.2781,0.4251,0.1407,62,2023,2214.4,2339.04,0.6543
半导体,立项预研,30,0.459,0.5947,0.1097,425,2012,6954.56,1818.7,0.4693
人工智能,上市预备,39,0.9554,0.7614,0.6595,189,2012,15570.51,28946.28,0.1955
新材料,流片成功,38,0.1449,0.7288,0.7555,290,2021,9910.83,10237.99,0.3942
人工智能,上市预备,38,0.3272,0.9795,0.7235,96,2018,8780.87,18325.25,0.2831
新材料,上市预备,50,0.585,0.3745,0.404,475,2011,10055.31,20635.88,0.4244
半导体,流片成功,46,0.7198,0.3519,0.1354,232,2012,9819.18,9081.19,0.4662
人工智能,原型验证,38,0.9724,0.8526,0.3359,172,2016,13191.7,7893.3,0.2259
人工智能,立项预研,11,0.1979,0.3733,0.3789,375,2024,6598.44,1964.7,0.6703
半导体,原型验证,33,0.8089,0.1032,0.2525,84,2018,8324.72,5049.02,0.5354
人工智能,商业化量产,16,0.5765,0.1884,0.2631,83,2018,3994.0,6578.03,0.6011
高端装备,立项预研,15,0.47,0.3906,0.1869,211,2014,3688.61,1109.0,0.5787
半导体,原型验证,46,0.2275,0.2479,0.1483,429,2011,5059.74,3157.55,0.6335
人工智能,流片成功,13,0.3367,0.8071,0.6805,136,2018,7101.94,7068.51,0.4629
半导体,商业化量产,22,0.8337,0.387,0.7288,251,2010,11741.95,18236.14,0.3607
半导体,商业化量产,42,0.2919,0.6308,0.1625,443,2018,6866.93,9267.49,0.5307
新材料,原型验证,48,0.9305,0.3101,0.1512,76,2023,8415.64,4974.58,0.449
高端装备,立项预研,27,0.2989,0.4593,0.1399,226,2024,4223.95,1218.84,0.6187
生物医药,立项预研,32,0.5612,0.6973,0.7943,211,2023,10575.2,3299.51,0.3438
生物医药,流片成功,5,0.5199,0.2789,0.1439,74,2021,1955.33,2042.97,0.6779
航天,原型验证,50,0.2913,0.772,0.4376,421,2023,8790.75,5273.64,0.4229
高端装备,商业化量产,27,0.7983,0.1195,0.5623,139,2012,8881.04,12854.87,0.4584
新材料,商业化量产,6,0.8085,0.6314,0.5473,452,2016,10685.63,17537.73,0.339
生物医药,原型验证,32,0.7358,0.4801,0.1759,325,2013,8789.27,5382.72,0.447
高端装备,原型验证,32,0.9219,0.1922,0.5041,226,2011,9258.89,5785.0,0.4033
新材料,商业化量产,47,0.7125,0.5093,0.4429,283,2018,9880.29,15505.41,0.3913
生物医药,立项预研,14,0.7178,0.779,0.1024,473,2012,6083.12,1719.43,0.42
人工智能,原型验证,17,0.6822,0.3131,0.6966,36,2015,5604.59,3761.99,0.4225
生物医药,立项预研,22,0.6496,0.2758,0.1496,418,2024,5922.24,1774.01,0.5419
新材料,原型验证,44,0.3937,0.8784,0.6255,267,2022,9307.43,5444.38,0.367
高端装备,流片成功,31,0.6614,0.269,0.5655,173,2020,8097.38,7967.57,0.4444
高端装备,立项预研,26,0.377,0.3416,0.6025,39,2017,3471.64,1026.57,0.5265
人工智能,流片成功,20,0.383,0.33,0.7715,273,2011,9025.44,8392.75,0.4946
新材料,立项预研,7,0.6812,0.4564,0.5897,40,2023,2956.75,846.12,0.4901
航天,流片成功,16,0.4603,0.6107,0.1586,132,2013,4040.45,4148.33,0.4883
航天,立项预研,49,0.3665,0.4083,0.6266,188,2013,8266.91,2295.91,0.4433
航天,立项预研,47,0.7793,0.3985,0.4209,309,2023,11373.09,3265.13,0.3973
人工智能,流片成功,24,0.4591,0.3056,0.3272,339,2013,6264.15,6273.68,0.5752
航天,流片成功,31,0.55,0.121,0.3993,104,2023,5693.69,5038.96,0.5793
半导体,上市预备,22,0.5899,0.5254,0.6528,232,2015,9286.09,18448.07,0.4269
半导体,原型验证,28,0.7884,0.5156,0.1179,466,2022,8748.85,5225.86,0.4314
半导体,原型验证,32,0.2962,0.8715,0.444,375,2014,8935.18,5054.99,0.4155
新材料,原型验证,32,0.2587,0.7814,0.4413,356,2020,8788.18,5397.38,0.4179
生物医药,立项预研,48,0.6285,0.4958,0.7247,186,2022,10259.15,3125.46,0.3566
高端装备,原型验证,34,0.5451,0.6912,0.2554,75,2024,5696.12,3423.84,0.4091
生物医药,立项预研,50,0.1728,0.7049,0.6739,75,2019,5114.79,1536.0,0.4613
高端装备,立项预研,9,0.5894,0.4759,0.1215,316,2018,3765.38,1062.68,0.5657
新材料,立项预研,19,0.7329,0.6053,0.3478,34,2020,4302.75,1287.27,0.3799
半导体,原型验证,45,0.4145,0.1766,0.1535,372,2014,6560.2,3955.49,0.6134
航天,立项预研,37,0.8377,0.3437,0.4073,292,2020,11312.62,3190.82,0.4351
半导体,流片成功,5,0.8702,0.124,0.3365,321,2013,5128.9,5081.71,0.5779
航天,立项预研,35,0.8057,0.3054,0.6225,444,2010,14868.42,4137.72,0.4254
人工智能,立项预研,49,0.5696,0.0941,0.2096,191,2011,7667.22,2323.34,0.6012
半导体,原型验证,9,0.5997,0.5141,0.684,203,2022,7918.96,4813.13,0.4255
高端装备,商业化量产,17,0.4944,0.1416,0.4148,79,2021,3625.85,5553.53,0.5838
航天,上市预备,45,0.3994,0.4288,0.2584,255,2013,6993.31,13879.06,0.5426
高端装备,原型验证,25,0.1842,0.6149,0.7662,14,2014,2439.75,1603.45,0.4588
航天,上市预备,30,0.5588,0.3993,0.5231,362,2014,10172.24,19222.76,0.4496
人工智能,原型验证,32,0.7448,0.4898,0.5433,169,2013,12024.03,7810.29,0.3326
高端装备,立项预研,41,0.1322,0.4591,0.4724,481,2023,8750.44,2440.79,0.5856
新材料,商业化量产,9,0.6404,0.4555,0.6152,361,2021,9410.28,13978.08,0.4484
高端装备,流片成功,43,0.8375,0.9341,0.358,110,2018,10861.16,11251.3,0.2391
半导体,立项预研,34,0.4162,0.4979,0.2383,493,2023,8308.39,2533.28,0.5266
半导体,流片成功,5,0.1274,0.3468,0.3843,456,2023,6059.76,6159.09,0.6999
半导体,原型验证,26,0.7129,0.8997,0.6553,453,2010,15725.0,9391.73,0.2347
新材料,上市预备,37,0.3418,0.6238,0.3676,104,2010,4803.73,9673.97,0.4712
半导体,原型验证,9,0.2987,0.7286,0.2208,30,2021,2255.9,1160.02,0.5283
人工智能,立项预研,26,0.5814,0.3511,0.2723,195,2019,6167.77,1976.13,0.5651
人工智能,商业化量产,36,0.8567,0.3415,0.5191,180,2010,12627.77,17429.49,0.395
新材料,商业化量产,32,0.3357,0.4457,0.3288,165,2022,4596.1,6638.21,0.5383
新材料,原型验证,19,0.5665,0.7037,0.6479,369,2014,10741.15,5949.72,0.3364
人工智能,商业化量产,12,0.825,0.1066,0.2254,460,2010,6550.81,8935.81,0.5229
新材料,立项预研,33,0.4465,0.2726,0.5065,435,2022,9839.24,3148.43,0.5527
半导体,原型验证,20,0.9,0.664,0.2504,176,2021,8444.91,5323.57,0.3438
人工智能,流片成功,10,0.3944,0.3307,0.4074,399,2023,7551.64,8057.04,0.5831
生物医药,流片成功,48,0.9809,0.5345,0.3577,361,2022,14043.91,14109.92,0.3322
航天,流片成功,43,0.4365,0.8953,0.5392,364,2022,12849.33,13384.61,0.3489
人工智能,流片成功,44,0.6995,0.5474,0.2884,185,2024,11457.95,10984.96,0.4096
生物医药,原型验证,10,0.7411,0.8229,0.2434,159,2012,5753.6,3213.8,0.3739
高端装备,立项预研,32,0.8986,0.0741,0.1345,189,2018,7811.88,2381.95,0.5464
生物医药,流片成功,29,0.655,0.651,0.3911,63,2010,6993.45,7098.48,0.3744
人工智能,商业化量产,32,0.3503,0.3839,0.1213,360,2024,5564.77,8286.85,0.6038
高端装备,立项预研,45,0.681,0.8934,0.4278,213,2020,12188.24,3774.96,0.3067
生物医药,流片成功,38,0.3363,0.6232,0.6105,439,2010,11371.85,12024.48,0.42
新材料,流片成功,28,0.7907,0.498,0.1534,63,2023,5026.12,5045.06,0.4421
生物医药,商业化量产,15,0.7249,0.4762,0.3199,251,2016,7714.22,11929.15,0.4714
半导体,立项预研,38,0.4128,0.6674,0.6445,307,2024,11596.83,3421.05,0.4163
人工智能,立项预研,8,0.5407,0.5849,0.5284,52,2019,3729.3,1116.7,0.4771
生物医药,商业化量产,50,0.2226,0.2375,0.2436,116,2012,4335.97,6439.91,0.6287
人工智能,原型验证,7,0.4526,0.0677,0.7688,72,2013,3551.04,2264.09,0.6097
高端装备,商业化量产,40,0.5025,0.4098,0.6823,102,2014,7338.05,12209.98,0.4353
生物医药,流片成功,48,0.7621,0.4858,0.5111,345,2019,14639.54,13939.95,0.3499
高端装备,商业化量产,8,0.7857,0.6793,0.1989,465,2023,6040.08,9355.11,0.4327
航天,原型验证,29,0.3147,0.7766,0.6692,164,2016,8000.35,4534.24,0.4037
半导体,商业化量产,39,0.7271,0.4915,0.2913,325,2011,12472.96,19513.77,0.4241
人工智能,原型验证,16,0.4498,0.5506,0.2191,209,2020,4417.86,2554.64,0.5218
人工智能,立项预研,16,0.7065,0.6485,0.6563,96,2016,8208.79,2579.4,0.3377
生物医药,流片成功,30,0.5755,0.4053,0.4173,375,2019,10366.85,10178.04,0.5075
半导体,原型验证,48,0.4857,0.6923,0.7143,315,2017,14705.19,8046.69,0.342
人工智能,原型验证,42,0.6885,0.4347,0.6207,348,2012,16349.79,9500.64,0.3848
半导体,流片成功,17,0.8859,0.3419,0.6677,283,2019,11123.23,10852.34,0.3613
高端装备,立项预研,37,0.9771,0.9155,0.1957,320,2020,12015.22,3663.81,0.2547
人工智能,原型验证,38,0.4844,0.6044,0.3236,269,2013,8747.71,5517.56,0.4685
航天,原型验证,38,0.7406,0.377,0.6845,359,2018,14932.05,9207.35,0.4049
人工智能,流片成功,9,0.507,0.2004,0.1959,306,2017,4191.85,4194.85,0.6438
半导体,原型验证,29,0.5432,0.4291,0.5045,290,2022,9251.81,5318.46,0.4689
生物医药,商业化量产,39,0.7256,0.6168,0.6561,311,2010,15442.1,23818.36,0.3076
半导体,流片成功,32,0.9551,0.2038,0.1271,118,2024,8301.41,7946.29,0.4576
半导体,立项预研,38,0.7522,0.8727,0.3035,264,2024,13730.75,3933.63,0.279
生物医药,立项预研,5,0.7764,0.9249,0.1428,368,2018,5617.72,1694.66,0.3908
新材料,上市预备,42,0.3741,0.6948,0.454,296,2013,7452.61,14425.38,0.4492
新材料,流片成功,18,0.9576,0.4961,0.2896,164,2019,6145.97,6655.91,0.399
新材料,上市预备,30,0.4662,0.6344,0.1369,301,2016,4315.44,8343.23,0.4853
生物医药,原型验证,6,0.5917,0.3956,0.415,266,2022,5332.61,3146.92,0.5426
航天,原型验证,48,0.7165,0.4046,0.1637,105,2017,8490.73,5470.54,0.4798
新材料,商业化量产,17,0.8327,0.6823,0.4541,459,2023,11062.45,15579.51,0.2919
高端装备,商业化量产,7,0.7818,0.4147,0.6625,12,2016,2687.97,3993.8,0.4158
人工智能,立项预研,44,0.3771,0.9725,0.2551,370,2015,9066.33,2500.66,0.3685
生物医药,流片成功,11,0.4315,0.3623,0.6723,218,2023,6978.54,7521.34,0.5085
半导体,商业化量产,34,0.7538,0.6549,0.3894,10,2023,7754.75,12965.06,0.3684
半导体,流片成功,33,0.4978,0.1193,0.6131,32,2014,5080.47,4917.43,0.5586
航天,原型验证,13,0.511,0.5766,0.2876,399,2019,7307.82,4485.71,0.5258
新材料,立项预研,14,0.5965,0.4931,0.5772,375,2011,9115.64,2886.66,0.4516
航天,商业化量产,26,0.8243,0.6644,0.3332,36,2023,7068.52,10599.69,0.331
半导体,原型验证,6,0.4129,0.4171,0.4489,98,2022,4016.72,2244.55,0.5403
生物医药,流片成功,48,0.5395,0.4703,0.7929,107,2012,9451.91,9494.46,0.3722
生物医药,流片成功,23,0.1465,0.6331,0.4588,479,2016,8534.97,8663.16,0.534
半导体,流片成功,44,0.3593,0.2063,0.1944,260,2017,5981.07,5947.98,0.6251
航天,商业化量产,15,0.5718,0.426,0.59,43,2011,3842.27,5647.55,0.4776
生物医药,流片成功,13,0.7308,0.7666,0.4635,182,2010,7969.96,7889.2,0.3487
高端装备,流片成功,48,0.3834,0.8747,0.1425,354,2011,7822.01,8436.19,0.4118
半导体,原型验证,11,0.8905,0.3345,0.4277,250,2023,7674.72,4715.49,0.4726
高端装备,上市预备,17,0.751,0.3061,0.3675,214,2019,5849.51,12697.81,0.5338
新材料,商业化量产,18,0.7226,0.4875,0.793,490,2010,14965.43,21353.99,0.35
生物医药,立项预研,25,0.6661,0.4481,0.5165,42,2013,5883.96,1758.16,0.4141
新材料,商业化量产,39,0.3369,0.3877,0.4111,292,2018,7499.26,10856.46,0.5695
生物医药,原型验证,18,0.2078,0.4199,0.5969,67,2014,3102.58,1847.68,0.5384
高端装备,原型验证,27,0.8108,0.3546,0.2838,382,2011,9457.79,5401.89,0.4392
高端装备,上市预备,42,0.6003,0.2653,0.4601,413,2018,12210.87,24650.19,0.5038
生物医药,流片成功,7,0.53,0.3572,0.7651,381,2016,10706.48,9985.2,0.4993
半导体,立项预研,14,0.3866,0.6139,0.6494,258,2013,9621.17,2804.14,0.4614
新材料,立项预研,5,0.4397,0.2525,0.2828,331,2021,3759.37,1146.47,0.6609
生物医药,立项预研,43,0.7525,0.6932,0.381,416,2021,13163.97,4328.17,0.303
生物医药,立项预研,42,0.6104,0.7322,0.4385,324,2018,12794.99,4110.16,0.3193
半导体,商业化量产,49,0.2799,0.2046,0.6801,300,2019,10670.63,16421.69,0.5469
高端装备,原型验证,23,0.75,0.3417,0.3745,223,2017,7208.39,4790.04,0.4381
航天,商业化量产,31,0.3009,0.6705,0.2884,78,2024,4128.81,5866.57,0.5202
航天,商业化量产,17,0.947,0.8299,0.4194,150,2019,7487.76,11158.25,0.273
航天,流片成功,20,0.6211,0.8214,0.6896,474,2024,13754.03,13699.85,0.2962
新材料,原型验证,27,0.7776,0.4503,0.3844,262,2016,7963.75,5009.47,0.3903
高端装备,立项预研,13,0.5572,0.6557,0.1613,225,2020,4498.34,1236.5,0.493
人工智能,原型验证,46,0.8043,0.4747,0.3764,387,2014,14455.46,8599.6,0.384
航天,立项预研,24,0.7908,0.3986,0.6474,59,2016,6981.21,2018.78,0.3769
生物医药,流片成功,18,0.4074,0.6306,0.5326,175,2013,7161.23,6592.55,0.4361
生物医药,流片成功,31,0.6979,0.1513,0.3226,419,2022,9005.14,8683.9,0.5293
生物医药,立项预研,45,0.7495,0.4361,0.239,249,2018,10181.85,3016.22,0.4069
新材料,原型验证,28,0.3203,0.4255,0.3573,212,2019,5328.23,3367.54,0.566
高端装备,流片成功,33,0.357,0.648,0.5406,76,2022,4707.46,4520.25,0.4503
人工智能,流片成功,21,0.7483,0.5231,0.7522,478,2019,19235.27,20004.44,0.3626
航天,原型验证,47,0.7627,0.5092,0.4142,393,2014,15403.35,9453.93,0.3888
新材料,立项预研,48,0.3759,0.3222,0.7445,405,2014,12007.26,3750.69,0.4895
生物医药,商业化量产,5,0.0899,0.4616,0.2678,22,2014,1075.81,1530.59,0.7184
生物医药,流片成功,37,0.7796,0.9146,0.3924,163,2010,10474.32,10480.94,0.2563
航天,立项预研,10,0.4043,0.5617,0.2364,262,2013,4491.71,1371.31,0.5885
新材料,商业化量产,50,0.6678,0.3882,0.1371,38,2018,5861.49,8381.37,0.513
高端装备,流片成功,20,0.7461,0.1596,0.128,215,2011,4920.5,4945.71,0.5674
高端装备,立项预研,40,0.9588,0.8021,0.7436,228,2024,15164.82,4396.21,0.1446
半导体,立项预研,7,0.0523,0.7342,0.5427,384,2022,9582.27,2799.15,0.5507
新材料,原型验证,39,0.6547,0.3789,0.5295,319,2016,11147.12,6787.31,0.4131
生物医药,流片成功,48,0.473,0.5043,0.513,167,2021,8472.3,8340.43,0.419
半导体,立项预研,33,0.5745,0.2717,0.1471,346,2020,6858.1,2187.77,0.5604
半导体,立项预研,16,0.8785,0.2827,0.4929,337,2013,10062.31,2969.52,0.461
航天,立项预研,39,0.6823,0.5562,0.6997,76,2013,8700.41,2588.18,0.3323
人工智能,原型验证,28,0.7913,0.4103,0.7092,118,2024,10578.31,7034.33,0.3471
航天,原型验证,21,0.8416,0.1606,0.6583,492,2014,15054.92,8659.76,0.4177
半导体,商业化量产,19,0.2609,0.2703,0.3719,72,2020,2853.42,4419.67,0.652
高端装备,原型验证,35,0.0631,0.7029,0.5809,293,2012,6907.59,4095.7,0.4566
高端装备,原型验证,21,0.6959,0.5269,0.5971,435,2024,13913.08,8747.68,0.3682
航天,上市预备,46,0.7786,0.6402,0.1584,415,2012,11437.84,21884.03,0.3565
高端装备,流片成功,44,0.3887,0.5964,0.774,282,2019,10969.16,11069.42,0.3711
高端装备,立项预研,35,0.3886,0.7793,0.4557,112,2024,6060.3,1740.77,0.3932
新材料,立项预研,38,0.8362,0.6223,0.4913,142,2016,8396.81,2448.87,0.2931
高端装备,原型验证,14,0.6326,0.5634,0.2996,299,2018,7123.88,4541.83,0.4528
人工智能,原型验证,31,0.406,0.2946,0.314,417,2017,8742.41,5213.25,0.5763
高端装备,流片成功,9,0.8151,0.9089,0.4777,102,2018,6400.61,5678.77,0.3111
人工智能,商业化量产,15,0.8313,0.4851,0.6914,500,2012,17094.23,24788.64,0.3351
生物医药,流片成功,37,0.7265,0.5467,0.4835,314,2011,12518.17,12455.8,0.3568
半导体,立项预研,7,0.2594,0.6226,0.5507,384,2013,7953.75,2345.39,0.5496
新材料,流片成功,43,0.6078,0.6561,0.5413,278,2018,9123.29,9555.26,0.3588
航天,流片成功,40,0.3261,0.2549,0.3561,208,2024,5819.97,5865.25,0.5731
航天,流片成功,18,0.7431,0.0189,0.6248,392,2024,9554.48,9101.3,0.5005
生物医药,商业化量产,40,0.3928,0.3896,0.7829,408,2019,14317.19,21207.58,0.4593
新材料,商业化量产,30,0.8805,0.2315,0.3686,155,2013,6836.3,9944.81,0.4503
航天,商业化量产,7,0.5372,0.6221,0.7604,221,2011,8322.41,11826.27,0.4194
生物医药,流片成功,21,0.7834,0.8715,0.1844,496,2015,10481.92,10381.77,0.3167
人工智能,原型验证,50,0.7312,0.2727,0.5793,246,2015,11946.04,6330.46,0.4
人工智能,原型验证,31,0.2109,0.465,0.6717,370,2024,11567.2,6886.28,0.5177
半导体,原型验证,11,0.5948,0.5292,0.6255,327,2023,10362.81,5926.62,0.4748
新材料,原型验证,20,0.658,0.4822,0.7381,423,2014,12665.72,8344.01,0.3795
半导体,商业化量产,48,0.5522,0.2217,0.7189,398,2022,13385.35,18581.72,0.4817
新材料,商业化量产,43,0.5672,0.7027,0.2117,322,2018,8558.16,12694.58,0.3999
半导体,原型验证,16,0.6699,0.153,0.3956,65,2016,4841.32,2969.59,0.5744
人工智能,原型验证,8,0.3566,0.5739,0.4533,125,2012,4714.91,2685.72,0.4977
航天,立项预研,45,0.3848,0.6254,0.7677,54,2016,7352.28,2299.26,0.3866
高端装备,上市预备,24,0.4903,0.8402,0.4768,318,2021,9892.5,20212.79,0.3625
新材料,原型验证,35,0.5093,0.2991,0.317,466,2012,9147.65,5780.61,0.5162
高端装备,上市预备,22,0.8154,0.7091,0.7102,243,2016,9955.64,18137.92,0.2875
高端装备,原型验证,43,0.4852,0.2913,0.2495,472,2019,7657.7,4238.93,0.5353
新材料,流片成功,30,0.6956,0.2778,0.5017,22,2016,5333.19,5722.81,0.4685
半导体,商业化量产,33,0.739,0.7593,0.1237,459,2012,9606.06,14612.52,0.3849
生物医药,上市预备,40,0.7994,0.5147,0.4634,298,2024,11570.32,22396.82,0.3536
人工智能,原型验证,28,0.8389,0.8267,0.2734,376,2016,11510.47,7380.01,0.3047
新材料,原型验证,22,0.9858,0.296,0.7758,272,2016,11063.48,6590.49,0.3221
人工智能,流片成功,33,0.6326,0.2673,0.1594,132,2012,6470.22,6080.4,0.5535
高端装备,原型验证,6,0.6084,0.3417,0.574,134,2013,4678.98,2673.31,0.5313
半导体,上市预备,15,0.8475,0.3442,0.7736,221,2021,9723.77,19462.88,0.3597
生物医药,原型验证,27,0.1617,0.1202,0.2576,421,2021,4688.06,2850.55,0.7041
生物医药,立项预研,32,0.8246,0.1723,0.5511,377,2019,13180.46,4187.54,0.4237
新材料,上市预备,9,0.5449,0.7066,0.3132,465,2021,6450.12,12821.3,0.4737
生物医药,商业化量产,16,0.0989,0.4689,0.4505,342,2020,5033.04,7825.95,0.6054
航天,立项预研,42,0.073,0.7851,0.6078,273,2022,6237.83,1930.85,0.457
生物医药,流片成功,41,0.529,0.5682,0.746,327,2023,14122.68,15459.61,0.3797
半导体,流片成功,33,0.5369,0.2071,0.1151,412,2017,6286.4,6428.33,0.6056
航天,原型验证,31,0.4147,0.419,0.2331,465,2012,7225.51,3961.81,0.5583
高端装备,上市预备,35,0.9689,0.4878,0.4686,44,2016,9798.69,19995.36,0.3211
生物医药,商业化量产,39,0.5197,0.7951,0.4463,363,2021,11169.58,16086.04,0.384
半导体,原型验证,10,0.3399,0.2667,0.6938,343,2019,9253.85,6138.97,0.561
高端装备,商业化量产,34,0.9238,0.5268,0.2214,489,2016,9861.81,15678.38,0.3799
生物医药,上市预备,23,0.8313,0.3666,0.7758,272,2010,14204.45,29668.32,0.3588
航天,商业化量产,26,0.7737,0.5981,0.7007,130,2010,9582.33,13770.09,0.3363
生物医药,原型验证,11,0.3498,0.3883,0.254,356,2023,4922.65,2942.19,0.6339
生物医药,立项预研,38,0.4396,0.441,0.6154,199,2016,8775.67,2810.07,0.4547
生物医药,立项预研,20,0.7728,0.2852,0.5083,11,2019,5517.46,1623.94,0.4572
人工智能,原型验证,27,0.5736,0.4718,0.6519,247,2014,10462.35,6112.42,0.4017
半导体,原型验证,47,0.0589,0.6544,0.1033,411,2010,3136.57,1992.13,0.617
人工智能,商业化量产,11,0.3664,0.6246,0.599,58,2012,4833.87,6997.75,0.4691
航天,流片成功,26,0.5653,0.9297,0.6409,441,2019,14900.33,15247.67,0.2735
生物医药,上市预备,37,0.7009,0.0757,0.2141,177,2021,8221.14,16119.38,0.5367
人工智能,流片成功,47,0.5941,0.4107,0.5775,48,2016,8831.55,9352.7,0.4184
新材料,商业化量产,30,0.9554,0.5889,0.61,58,2019,7780.88,12175.59,0.2714
人工智能,立项预研,38,0.6816,0.2831,0.4987,107,2017,8052.41,2463.99,0.4105
半导体,流片成功,11,0.829,0.507,0.4842,168,2010,7950.76,8407.72,0.411
人工智能,流片成功,39,0.1971,0.6315,0.25,167,2011,5200.96,4438.73,0.5817
新材料,原型验证,14,0.4567,0.0802,0.5179,71,2016,3196.38,2015.43,0.6185
高端装备,立项预研,47,0.4236,0.5858,0.4416,384,2019,9883.08,3062.62,0.4262
航天,流片成功,24,0.8968,0.7942,0.4607,64,2023,8516.91,8738.52,0.2625
新材料,商业化量产,12,0.4635,0.9241,0.4278,352,2024,8131.4,12305.2,0.3986
生物医药,原型验证,5,0.3705,0.5241,0.5241,21,2014,2101.58,1297.84,0.5629
航天,商业化量产,35,0.9517,0.2537,0.3975,98,2020,8344.76,11991.02,0.3803
半导体,商业化量产,27,0.2904,0.3963,0.4744,479,2016,9458.21,14969.81,0.55
人工智能,原型验证,16,0.7017,0.3804,0.1028,43,2012,4932.96,2791.21,0.5234
航天,立项预研,10,0.5535,0.6188,0.3871,168,2017,4873.36,1417.39,0.4675
半导体,立项预研,29,0.4454,0.1474,0.3144,208,2021,4899.48,1532.08,0.6183
新材料,流片成功,9,0.3361,0.252,0.4455,492,2015,6660.98,6967.11,0.6185
半导体,立项预研,18,0.8114,0.8548,0.4406,394,2014,11569.2,3383.96,0.2684
生物医药,商业化量产,12,0.4862,0.5823,0.3923,341,2013,6985.22,11614.56,0.4982
航天,商业化量产,25,0.7462,0.1572,0.3257,163,2016,6545.1,9997.15,0.5122
高端装备,流片成功,46,0.3141,0.1711,0.729,176,2024,6704.88,6714.65,0.5239
生物医药,立项预研,23,0.656,0.514,0.4549,295,2018,7944.34,2475.83,0.4207
半导体,上市预备,28,0.4037,0.7711,0.7569,426,2014,17109.48,33568.72,0.3317
人工智能,流片成功,42,0.1927,0.6239,0.5376,448,2012,10654.43,10452.69,0.4431
新材料,立项预研,19,0.8304,0.121,0.6898,193,2021,9038.02,2835.15,0.429
生物医药,流片成功,14,0.8142,0.4072,0.4454,340,2018,8975.64,9337.8,0.4279
航天,商业化量产,22,0.3846,0.1981,0.3215,127,2010,3383.21,4898.43,0.6376
新材料,流片成功,31,0.7313,0.9794,0.2224,329,2010,9056.79,8796.59,0.2882
人工智能,原型验证,8,0.7077,0.2222,0.273,67,2010,3570.55,2038.96,0.5441
人工智能,原型验证,7,0.4057,0.3319,0.1947,282,2020,3359.53,1993.1,0.6772
生物医药,流片成功,30,0.1563,0.3879,0.218,314,2012,3956.67,3902.84,0.6455
新材料,原型验证,38,0.3554,0.6364,0.1627,64,2010,3930.7,2348.01,0.5075
生物医药,立项预研,26,0.603,0.7205,0.63,362,2019,11736.21,3805.55,0.3363
航天,立项预研,5,0.8652,0.8421,0.1155,178,2020,4459.7,1351.48,0.3925
半导体,商业化量产,45,0.757,0.1933,0.7996,351,2023,18831.91,28278.9,0.3702
人工智能,原型验证,11,0.3161,0.8279,0.6219,321,2021,11403.09,6794.93,0.4434
航天,流片成功,5,0.8186,0.5439,0.2425,109,2022,3233.57,3389.67,0.4848
新材料,原型验证,19,0.7542,0.1755,0.3951,74,2012,4263.34,2429.62,0.4922
人工智能,商业化量产,29,0.572,0.5256,0.7641,179,2013,10710.33,16730.89,0.3655
半导体,商业化量产,40,0.8572,0.1307,0.3172,490,2018,13106.25,19448.85,0.4908
航天,商业化量产,21,0.2797,0.646,0.5478,281,2017,7608.14,11594.94,0.4757
人工智能,立项预研,15,0.9145,0.3282,0.4679,388,2011,10375.18,2750.61,0.4232
新材料,原型验证,35,0.5502,0.6498,0.5686,144,2013,7319.91,4391.3,0.3802
航天,立项预研,17,0.7342,0.7701,0.658,36,2023,5695.42,1656.61,0.2677
人工智能,原型验证,19,0.8582,0.715,0.3565,201,2011,8719.73,5608.06,0.3196
人工智能,立项预研,41,0.3718,0.3377,0.6863,339,2024,10525.06,3004.09,0.4976
高端装备,上市预备,16,0.5369,0.5999,0.6836,101,2015,5615.22,10941.71,0.4192
生物医药,流片成功,42,0.4787,0.3305,0.1793,294,2023,6556.34,5858.12,0.5411
新材料,流片成功,46,0.1632,0.4766,0.6331,36,2021,2513.02,2476.41,0.5266
生物医药,商业化量产,32,0.4499,0.5645,0.2895,500,2024,9689.19,13588.41,0.4876
新材料,原型验证,32,0.617,0.683,0.6472,104,2024,7787.29,4676.54,0.3777
生物医药,商业化量产,23,0.8903,0.8086,0.5675,105,2020,9273.58,14746.94,0.2097
人工智能,上市预备,45,0.601,0.6625,0.3452,271,2010,12224.3,25285.11,0.3915
人工智能,原型验证,31,0.0825,0.4313,0.3415,140,2010,3091.23,1668.76,0.6628
半导体,原型验证,10,0.8841,0.27,0.744,12,2012,4154.8,2368.88,0.4017
生物医药,商业化量产,9,0.8151,0.2769,0.353,51,2012,4216.86,5916.98,0.5235
生物医药,商业化量产,44,0.6168,0.0943,0.4605,246,2015,10075.15,14979.22,0.5476
生物医药,商业化量产,24,0.8131,0.5475,0.2525,138,2010,8090.64,12146.4,0.4268
高端装备,流片成功,29,0.6241,0.2709,0.5615,366,2010,10580.07,10556.99,0.4902
半导体,原型验证,10,0.4816,0.7709,0.4157,376,2013,8344.73,4951.0,0.4458
人工智能,上市预备,48,0.6259,0.5052,0.1734,427,2012,11490.9,24791.16,0.4365
人工智能,原型验证,41,0.012,0.5314,0.7826,412,2021,12023.14,7250.89,0.5283
人工智能,流片成功,40,0.2958,0.0666,0.3334,187,2023,5039.83,5224.6,0.6906
半导体,上市预备,21,0.1621,0.4985,0.3472,83,2018,2791.32,5975.41,0.6027
航天,上市预备,48,0.7446,0.2746,0.5266,429,2011,14258.82,28474.04,0.4646
新材料,商业化量产,33,0.1671,0.7005,0.6194,336,2011,8340.99,12819.38,0.4594
高端装备,上市预备,19,0.7738,0.4482,0.3549,91,2015,5466.53,11068.25,0.4466
生物医药,立项预研,17,0.5515,0.5457,0.7534,26,2017,4797.98,1423.97,0.4201
半导体,原型验证,13,0.4516,0.5551,0.1834,115,2012,3473.58,2180.45,0.5783
高端装备,原型验证,38,0.6084,0.4621,0.2513,305,2018,7805.56,4924.94,0.4413
半导体,原型验证,37,0.5815,0.921,0.5011,370,2013,13053.09,7955.32,0.2939
高端装备,流片成功,40,0.8202,0.3298,0.5387,105,2016,8498.85,7773.73,0.3915
人工智能,商业化量产,35,0.6221,0.8109,0.1765,368,2016,10317.31,14632.05,0.4222
生物医药,流片成功,46,0.6929,0.1651,0.1257,48,2011,7808.71,7681.5,0.5816
人工智能,流片成功,27,0.609,0.8266,0.1293,493,2018,8335.29,8639.99,0.3893
生物医药,原型验证,7,0.372,0.4548,0.2276,442,2010,4241.69,2636.04,0.6202
航天,流片成功,49,0.4472,0.8226,0.6477,219,2012,11834.93,12689.2,0.3029
高端装备,流片成功,20,0.8056,0.2492,0.3611,273,2015,7434.3,7579.95,0.4897
半导体,商业化量产,39,0.8308,0.8886,0.4754,356,2012,14574.59,22592.02,0.1958
航天,商业化量产,13,0.188,0.8581,0.2602,51,2024,3034.92,4717.14,0.5188
生物医药,上市预备,48,0.4973,0.6515,0.3275,397,2014,10051.77,21169.31,0.4019
生物医药,立项预研,18,0.3002,0.3019,0.2232,109,2016,2760.75,794.87,0.6466
新材料,立项预研,29,0.1273,0.1693,0.4205,238,2016,3875.53,1175.87,0.711
航天,原型验证,24,0.2273,0.3054,0.2987,358,2018,5865.7,3720.51,0.6336
半导体,立项预研,9,0.3864,0.2831,0.7957,183,2010,5990.8,1832.86,0.5538
半导体,立项预研,31,0.6667,0.5325,0.7621,232,2010,12395.75,3823.4,0.3337
高端装备,流片成功,28,0.9172,0.5064,0.1464,192,2021,7809.26,8112.12,0.4247
航天,流片成功,22,0.6959,0.8372,0.4368,109,2013,7781.26,7810.17,0.3235
生物医药,商业化量产,18,0.9565,0.4664,0.1261,32,2021,6406.31,9398.07,0.4116
高端装备,上市预备,11,0.6694,0.5383,0.5049,202,2024,6992.27,13563.19,0.4595
新材料,上市预备,26,0.2179,0.4075,0.6924,32,2017,2483.07,5367.13,0.5469
半导体,商业化量产,25,0.6643,0.1838,0.1508,401,2010,6763.32,10094.3,0.5943
高端装备,流片成功,28,0.8771,0.8391,0.393,483,2012,13137.82,14508.93,0.2617
人工智能,立项预研,30,0.1385,0.7548,0.6582,92,2021,4976.11,1460.17,0.4692
新材料,立项预研,47,0.9204,0.4547,0.6483,453,2011,17206.84,4880.62,0.3252
生物医药,商业化量产,31,0.6495,0.5008,0.5901,225,2018,9216.67,13936.98,0.3801
半导体,流片成功,6,0.2963,0.4076,0.7924,25,2023,2316.34,2294.45,0.5216
半导体,商业化量产,31,0.3449,0.6138,0.6201,286,2021,10666.21,16154.25,0.4152
半导体,流片成功,17,0.6964,0.6589,0.1197,192,2019,6878.63,7109.59,0.4522
半导体,流片成功,7,0.3961,0.1261,0.2161,18,2018,1702.86,1608.0,0.6999
半导体,商业化量产,48,0.2793,0.7074,0.1079,464,2012,6726.1,10088.36,0.5086
新材料,立项预研,25,0.4974,0.5173,0.4414,326,2019,7998.59,2668.43,0.4729
高端装备,立项预研,48,0.362,0.2531,0.2453,340,2022,5985.59,1881.56,0.5807
高端装备,商业化量产,41,0.5682,0.3823,0.4642,465,2015,12321.05,19387.17,0.4422
航天,立项预研,36,0.3878,0.5021,0.7926,459,2019,16275.02,5224.06,0.4304
航天,立项预研,13,0.684,0.0814,0.3759,361,2018,6318.17,1939.99,0.5889
半导体,流片成功,45,0.7904,0.4806,0.5817,23,2016,8275.73,8307.29,0.3281
人工智能,原型验证,42,0.5637,0.0741,0.4188,306,2011,11625.48,7067.65,0.5394
生物医药,商业化量产,47,0.6599,0.6016,0.1767,175,2016,8776.56,13869.39,0.4261
新材料,原型验证,49,0.6299,0.4991,0.1101,423,2016,7646.3,4993.64,0.464
生物医药,原型验证,25,0.7177,0.2497,0.3627,40,2013,6122.18,3798.38,0.4781
半导体,立项预研,33,0.8966,0.4272,0.7442,468,2015,19317.74,6089.29,0.3037
新材料,原型验证,32,0.6601,0.2298,0.3758,331,2012,6774.75,3941.38,0.4901
半导体,商业化量产,18,0.8362,0.4475,0.2826,397,2018,9117.34,13659.7,0.4194
半导体,立项预研,36,0.7932,0.4418,0.4915,186,2020,11791.99,3266.09,0.3964
航天,商业化量产,37,0.6616,0.6322,0.1017,391,2017,7681.9,11833.51,0.4274
高端装备,流片成功,42,0.3206,0.4385,0.203,481,2017,6256.71,6139.47,0.5415
高端装备,流片成功,46,0.7037,0.4028,0.4251,266,2020,11419.32,11368.99,0.4543
人工智能,立项预研,8,0.5911,0.2285,0.6391,249,2024,7122.42,2213.33,0.5429
航天,流片成功,31,0.3412,0.2722,0.7592,360,2016,11557.21,12492.38,0.504
新材料,商业化量产,20,0.4899,0.5251,0.5224,82,2017,5023.4,8337.62,0.4727
人工智能,上市预备,45,0.3139,0.3729,0.6218,153,2021,6482.8,13161.73,0.4642
人工智能,立项预研,41,0.5609,0.3167,0.4997,78,2010,8472.46,2487.03,0.4774
人工智能,商业化量产,39,0.4434,0.6299,0.247,41,2019,5589.62,8358.83,0.4726
生物医药,立项预研,18,0.58,0.1742,0.4426,459,2012,8975.06,2562.19,0.5661
半导体,商业化量产,48,0.6102,0.173,0.7236,45,2022,9956.04,16071.07,0.4511
半导体,商业化量产,50,0.1689,0.7825,0.2244,434,2015,6576.17,10374.81,0.4714
新材料,原型验证,5,0.5737,0.4525,0.4163,44,2021,2453.3,1440.96,0.5404
航天,原型验证,12,0.9443,0.0733,0.38,390,2018,8561.91,5201.29,0.5087
新材料,上市预备,8,0.4777,0.7961,0.7315,280,2015,9164.65,18029.94,0.3814
高端装备,商业化量产,11,0.7419,0.6037,0.3487,272,2021,6328.1,10151.85,0.3771
人工智能,商业化量产,16,0.5813,0.4266,0.395,367,2012,7502.34,10673.09,0.5125
人工智能,流片成功,27,0.1898,0.7199,0.1221,459,2015,4796.8,5197.19,0.529
生物医药,商业化量产,29,0.8779,0.4222,0.4982,71,2011,8625.62,12567.61,0.3848
半导体,原型验证,35,0.8658,0.5283,0.149,123,2013,10542.58,6360.49,0.3835
新材料,商业化量产,28,0.539,0.6089,0.7103,401,2010,12677.09,18796.27,0.3828
高端装备,原型验证,49,0.6779,0.7689,0.2814,417,2014,11967.58,7375.79,0.3674
高端装备,上市预备,50,0.4124,0.4531,0.5583,308,2012,10313.9,20379.18,0.4675
人工智能,立项预研,27,0.0891,0.6952,0.7512,384,2014,10609.77,3125.3,0.4373
生物医药,立项预研,5,0.6066,0.6457,0.6033,388,2012,8459.33,2520.1,0.4492
半导体,流片成功,19,0.8718,0.7365,0.2925,375,2022,9465.82,9142.32,0.3238
半导体,原型验证,44,0.3706,0.3868,0.5771,449,2014,10851.67,6376.28,0.5178
人工智能,原型验证,24,0.805,0.5194,0.2863,497,2021,10670.07,7291.08,0.3938
航天,流片成功,47,0.394,0.1161,0.2648,95,2021,5367.87,5597.86,0.6176
新材料,立项预研,9,0.7702,0.0862,0.5586,414,2019,11399.02,3212.31,0.5452
新材料,原型验证,13,0.9456,0.3973,0.7967,451,2024,15732.87,9742.59,0.3168
生物医药,立项预研,34,0.7427,0.1911,0.2839,389,2020,10277.4,2951.16,0.4632
高端装备,立项预研,10,0.5563,0.2512,0.7445,391,2012,10260.35,3198.37,0.5004
半导体,立项预研,16,0.4827,0.3397,0.3302,406,2010,7154.7,2013.68,0.5529
人工智能,商业化量产,24,0.8683,0.5362,0.5271,366,2022,13213.73,20595.85,0.3627
人工智能,立项预研,36,0.3908,0.4578,0.4505,382,2016,9809.22,2812.08,0.5141
生物医药,立项预研,46,0.9356,0.5278,0.521,471,2011,18178.99,6039.85,0.2778
新材料,上市预备,37,0.1615,0.4681,0.2212,126,2021,2424.96,4612.16,0.6043
人工智能,流片成功,7,0.6109,0.7823,0.7059,393,2013,13740.42,13714.19,0.3739
航天,商业化量产,25,0.4566,0.2372,0.3727,403,2019,7264.54,10527.2,0.544
生物医药,商业化量产,39,0.297,0.4031,0.3202,166,2013,6348.49,9781.66,0.5737
人工智能,立项预研,20,0.8596,0.6408,0.1097,309,2015,7368.97,2159.5,0.4373
半导体,商业化量产,9,0.4407,0.4734,0.7457,135,2018,5948.68,9476.69,0.4883
人工智能,立项预研,7,0.4196,0.1426,0.7876,278,2020,6965.02,2228.39,0.5947
航天,商业化量产,22,0.457,0.3965,0.5766,97,2022,4500.17,7241.48,0.4902
新材料,商业化量产,50,0.6401,0.5089,0.6161,348,2021,12719.36,20016.1,0.3925
半导体,上市预备,18,0.3094,0.739,0.5537,318,2018,8450.37,17159.64,0.453
航天,商业化量产,49,0.8265,0.1478,0.1803,84,2013,10006.4,15540.37,0.5159
半导体,原型验证,17,0.4097,0.8573,0.5526,430,2015,10013.62,6345.94,0.3888
人工智能,立项预研,25,0.57,0.1875,0.7444,391,2016,11594.82,3410.77,0.5209
高端装备,立项预研,43,0.7063,0.4692,0.6195,220,2022,11103.51,3458.46,0.37
新材料,立项预研,41,0.3099,0.439,0.4767,268,2014,7296.93,2075.09,0.503
高端装备,流片成功,6,0.7677,0.5856,0.551,205,2012,6300.92,6305.34,0.4123
半导体,立项预研,13,0.7409,0.9216,0.5114,122,2017,7153.9,2138.8,0.2949
高端装备,商业化量产,5,0.5074,0.1657,0.7233,191,2012,5350.12,7398.91,0.5759
半导体,立项预研,44,0.5394,0.6004,0.4936,157,2020,9947.85,3026.62,0.4165
新材料,原型验证,14,0.9058,0.7753,0.5549,453,2021,13001.65,8056.58,0.2737
航天,商业化量产,22,0.7488,0.5153,0.277,455,2022,8660.75,12427.44,0.445
人工智能,立项预研,13,0.7084,0.6817,0.2566,468,2016,8127.1,2425.07,0.4053
新材料,立项预研,26,0.1066,0.5982,0.6155,353,2013,8639.64,2657.55,0.5259
半导体,商业化量产,11,0.7826,0.3648,0.3455,376,2011,7867.45,12803.36,0.4936
半导体,流片成功,24,0.5827,0.4986,0.3028,214,2017,7966.51,8603.29,0.4908
生物医药,原型验证,7,0.9134,0.6418,0.4943,215,2017,6958.64,3816.34,0.3558
生物医药,立项预研,28,0.4377,0.7774,0.6795,418,2019,12107.57,3704.6,0.3893
新材料,立项预研,5,0.6206,0.8149,0.1659,361,2023,5062.38,1528.42,0.4572
半导体,立项预研,37,0.4356,0.5883,0.4864,214,2014,9369.29,2650.71,0.4246
生物医药,流片成功,12,0.6599,0.1946,0.5008,73,2015,3975.21,4073.11,0.541
半导体,原型验证,6,0.5619,0.655,0.3477,121,2013,3875.56,2220.77,0.4989
航天,原型验证,44,0.7065,0.5156,0.1534,345,2020,9672.22,5751.3,0.4438
新材料,上市预备,44,0.3415,0.8129,0.4989,223,2016,8749.98,16855.76,0.3914
人工智能,上市预备,48,0.9088,0.555,0.2092,132,2015,13922.25,26669.0,0.3545
半导体,立项预研,14,0.9178,0.4005,0.778,320,2013,12363.14,3778.97,0.3411
人工智能,流片成功,44,0.7012,0.8448,0.4549,184,2011,13494.12,13568.2,0.2823
新材料,原型验证,33,0.3412,0.7695,0.2833,81,2021,4081.68,2461.5,0.4616
人工智能,商业化量产,21,0.6314,0.4361,0.1642,285,2011,7323.66,10901.84,0.5496
人工智能,立项预研,7,0.8021,0.9506,0.2004,186,2020,6842.86,2223.44,0.339
人工智能,流片成功,37,0.8166,0.7984,0.244,441,2010,13543.17,14315.78,0.3183
人工智能,原型验证,44,0.4375,0.7701,0.4612,448,2017,12935.75,7570.93,0.3669
航天,立项预研,40,0.8269,0.652,0.2552,491,2022,13221.94,3937.32,0.3058
高端装备,上市预备,42,0.7577,0.6219,0.307,227,2023,9944.2,20661.42,0.3412
航天,立项预研,41,0.806,0.7289,0.6512,167,2014,10691.61,3049.93,0.2399
高端装备,流片成功,24,0.8666,0.5754,0.4753,329,2024,10970.87,11398.05,0.3203
半导体,原型验证,26,0.3398,0.8438,0.2906,481,2017,9403.52,5540.06,0.4136
航天,商业化量产,34,0.5521,0.878,0.2504,134,2015,6685.03,9652.61,0.3861
半导体,立项预研,44,0.2408,0.4596,0.6108,46,2016,4129.56,1247.02,0.5012
航天,立项预研,21,0.5122,0.6088,0.7048,234,2015,9610.73,2650.03,0.3756
生物医药,商业化量产,32,0.4346,0.9206,0.2115,139,2024,6666.38,9833.48,0.4273
航天,流片成功,18,0.8992,0.2415,0.6402,108,2015,8536.33,8433.34,0.3906
航天,原型验证,43,0.6247,0.8638,0.5821,152,2012,11335.09,7051.29,0.2697
高端装备,立项预研,32,0.2019,0.604,0.7878,100,2020,5235.68,1634.96,0.4628
高端装备,上市预备,42,0.3679,0.5407,0.3512,227,2011,5603.74,11235.74,0.5209
新材料,立项预研,34,0.3165,0.1225,0.6866,58,2024,3821.07,1083.99,0.5968
新材料,商业化量产,16,0.7979,0.7106,0.4354,235,2012,8141.89,11125.15,0.345
航天,立项预研,38,0.6852,0.2914,0.7797,16,2021,6894.19,2030.69,0.4097
航天,原型验证,50,0.4975,0.6601,0.4149,255,2022,10042.71,6548.09,0.3909
人工智能,流片成功,48,0.2867,0.3884,0.4668,470,2019,10809.31,11023.29,0.5117
航天,上市预备,11,0.5751,0.7114,0.6678,90,2024,5642.97,9823.86,0.3349
航天,立项预研,47,0.5923,0.834,0.5464,204,2014,11164.0,3405.34,0.3168
航天,上市预备,50,0.8082,0.9046,0.441,493,2010,16709.23,31810.81,0.2683
航天,立项预研,23,0.4934,0.1908,0.6627,470,2013,13979.82,4124.53,0.5506
高端装备,原型验证,41,0.3833,0.6041,0.168,304,2017,6093.02,3307.32,0.5098
人工智能,上市预备,49,0.5946,0.0535,0.7678,374,2011,16643.24,32890.22,0.4934
高端装备,流片成功,8,0.8287,0.6002,0.7312,117,2012,6351.69,6017.21,0.334
人工智能,原型验证,21,0.3635,0.4062,0.5815,333,2020,8149.81,5146.01,0.5148
人工智能,商业化量产,7,0.452,0.5015,0.5588,107,2017,5034.78,6993.14,0.4981
高端装备,立项预研,42,0.4692,0.6053,0.6719,162,2020,8943.25,2552.89,0.3792
生物医药,原型验证,22,0.7481,0.3185,0.3211,192,2021,7769.64,4192.81,0.4436
半导体,商业化量产,17,0.4227,0.6982,0.7955,43,2017,4966.45,7156.48,0.3883
生物医药,立项预研,31,0.6363,0.2839,0.5988,26,2019,5999.27,1860.6,0.4652
半导体,流片成功,9,0.7865,0.2275,0.5642,394,2013,10946.28,11547.82,0.4609
半导体,原型验证,20,0.2905,0.4585,0.4238,147,2016,4984.79,3032.35,0.5421
新材料,商业化量产,43,0.8475,0.1375,0.7481,102,2018,9527.17,13154.45,0.3636
半导体,商业化量产,27,0.8234,0.8547,0.6396,243,2024,12947.12,18854.14,0.2253
生物医药,商业化量产,12,0.9759,0.8448,0.3127,135,2023,7481.83,11514.76,0.3023
生物医药,立项预研,47,0.9535,0.5558,0.6333,431,2019,20143.13,6590.09,0.2469
生物医药,原型验证,9,0.6936,0.8426,0.5001,360,2018,11100.55,6844.49,0.3869
高端装备,上市预备,34,0.6165,0.8932,0.6564,443,2015,14940.53,30378.34,0.2585
高端装备,原型验证,38,0.8087,0.4447,0.2492,130,2010,7841.0,4553.59,0.3969
半导体,原型验证,35,0.748,0.409,0.2864,129,2020,8866.58,5422.61,0.4283
高端装备,流片成功,19,0.2416,0.6345,0.472,41,2019,2712.17,2686.44,0.5621
半导体,立项预研,42,0.5446,0.4991,0.5826,397,2022,15382.35,4548.94,0.3689
新材料,原型验证,23,0.2163,0.5191,0.4175,117,2021,3914.44,2210.15,0.5591
生物医药,流片成功,36,0.5755,0.4954,0.188,185,2013,6612.28,6989.74,0.496
人工智能,商业化量产,36,0.8034,0.7333,0.5949,167,2022,14263.58,22287.34,0.2667
新材料,原型验证,41,0.8045,0.7378,0.5408,55,2013,9135.68,5542.88,0.2799
新材料,商业化量产,41,0.4124,0.3808,0.4442,297,2019,7832.04,12045.29,0.5185
航天,商业化量产,39,0.3507,0.3939,0.6132,282,2024,8360.27,12394.44,0.4828
生物医药,立项预研,25,0.2413,0.2934,0.3271,61,2023,2436.98,756.51,0.6465
新材料,上市预备,8,0.5355,0.5852,0.327,295,2015,4863.5,10307.83,0.5101
高端装备,原型验证,6,0.8799,0.7877,0.2555,471,2023,6961.89,3844.04,0.3999
高端装备,立项预研,32,0.9468,0.7033,0.7825,188,2012,11655.33,3467.38,0.1711
生物医药,原型验证,44,0.4886,0.3148,0.666,478,2014,11800.97,6850.88,0.4593
生物医药,流片成功,35,0.7985,0.4244,0.3649,286,2024,11179.84,11418.28,0.4185
新材料,上市预备,16,0.7135,0.8142,0.3443,228,2023,6460.79,12589.46,0.3687
航天,原型验证,5,0.5624,0.3049,0.5712,152,2019,4167.15,2558.93,0.5793
新材料,原型验证,34,0.8259,0.5767,0.6548,104,2013,7893.77,4856.63,0.327
航天,商业化量产,46,0.1024,0.8337,0.6077,441,2019,11817.29,17901.44,0.4275
人工智能,商业化量产,26,0.5925,0.6971,0.4633,164,2010,8710.93,12269.01,0.3599
半导体,流片成功,48,0.6897,0.7084,0.5891,203,2020,14241.24,14606.29,0.3176
半导体,流片成功,18,0.8931,0.3697,0.1256,383,2012,7379.12,7917.42,0.4728
高端装备,上市预备,31,0.2957,0.8083,0.4196,127,2018,5205.1,9614.28,0.4409
生物医药,立项预研,24,0.9313,0.6641,0.5236,45,2014,8825.69,2619.97,0.2637
新材料,流片成功,18,0.4933,0.723,0.1775,290,2011,5212.28,5306.28,0.4774
高端装备,立项预研,49,0.3994,0.0417,0.5815,268,2021,9094.13,2818.76,0.5731
半导体,立项预研,34,0.7377,0.9699,0.2454,18,2017,8112.9,2299.75,0.287
半导体,立项预研,8,0.4104,0.52,0.5267,109,2023,4412.23,1302.71,0.5535
高端装备,商业化量产,39,0.4644,0.5227,0.6125,244,2024,8959.0,13718.49,0.4314
生物医药,上市预备,30,0.4259,0.788,0.7889,352,2010,13896.32,29040.65,0.3322
半导体,原型验证,20,0.8998,0.806,0.461,251,2021,10580.53,6094.27,0.2933
半导体,流片成功,31,0.9721,0.537,0.5182,188,2015,12451.43,11960.11,0.2668
人工智能,原型验证,50,0.1293,0.2185,0.113,392,2014,3142.79,1917.17,0.7167
高端装备,商业化量产,50,0.2292,0.3959,0.1903,131,2017,3365.02,4672.45,0.6176
半导体,流片成功,5,0.714,0.3383,0.3705,123,2023,4729.91,4870.74,0.5473
高端装备,商业化量产,43,0.0895,0.6089,0.5877,141,2014,5067.9,8328.0,0.499
半导体,上市预备,31,0.8962,0.5486,0.1747,236,2020,11400.42,22894.43,0.3648
高端装备,商业化量产,33,0.4918,0.3439,0.2375,297,2012,5643.71,7982.07,0.5517
人工智能,原型验证,8,0.8188,0.1773,0.3238,277,2024,5993.75,3481.56,0.5892
生物医药,原型验证,36,0.3627,0.2719,0.5685,44,2021,4520.38,3005.43,0.5346
半导体,商业化量产,14,0.7866,0.6771,0.6249,404,2020,12998.81,19008.9,0.3056
生物医药,立项预研,32,0.4232,0.9276,0.6583,451,2011,14695.28,4935.82,0.3325
高端装备,原型验证,19,0.5573,0.3136,0.7059,421,2021,10324.64,6599.21,0.4345
人工智能,商业化量产,17,0.9438,0.3024,0.3877,107,2018,7863.3,12171.97,0.4261
航天,原型验证,9,0.7657,0.5583,0.7409,129,2013,7707.19,4282.94,0.3518
航天,立项预研,9,0.2311,0.4595,0.5482,396,2023,8185.89,2412.51,0.5897
新材料,原型验证,21,0.4732,0.4681,0.4714,82,2020,4224.3,2613.26,0.5121
人工智能,上市预备,10,0.5108,0.7006,0.664,153,2024,7793.04,15146.28,0.3738
新材料,原型验证,7,0.4915,0.5358,0.3438,459,2016,6404.91,3817.1,0.519
半导体,立项预研,21,0.9048,0.1135,0.5131,237,2010,8788.27,2556.94,0.4511
新材料,原型验证,45,0.5395,0.2022,0.7388,388,2021,12599.3,7887.51,0.4947
航天,流片成功,19,0.4014,0.1342,0.2226,310,2022,5009.28,4896.96,0.6642
生物医药,上市预备,19,0.6196,0.5085,0.5182,302,2023,9889.47,20347.28,0.4135
航天,上市预备,43,0.7239,0.2441,0.6692,73,2012,7985.79,16799.77,0.412
航天,原型验证,38,0.1294,0.3275,0.59,234,2023,6641.48,4194.0,0.5923
生物医药,商业化量产,46,0.9357,0.7608,0.3053,347,2015,16690.07,23788.36,0.2388
生物医药,立项预研,10,0.748,0.5226,0.2418,328,2014,5682.25,1646.97,0.4401
生物医药,流片成功,36,0.4251,0.5962,0.4922,419,2014,11880.11,12208.66,0.4351
航天,商业化量产,50,0.7362,0.9232,0.4175,262,2020,16009.97,26565.33,0.2549
航天,流片成功,13,0.6256,0.7338,0.4523,41,2015,4548.94,4798.66,0.3836
高端装备,商业化量产,33,0.6198,0.6462,0.4966,194,2020,9110.32,13706.64,0.3925
人工智能,立项预研,30,0.2434,0.3467,0.5784,459,2023,11379.42,3422.84,0.5643
人工智能,原型验证,17,0.5945,0.6067,0.6897,275,2022,11567.76,6929.06,0.3474
生物医药,上市预备,42,0.6761,0.8026,0.5179,405,2024,15075.73,28613.28,0.3303
高端装备,商业化量产,6,0.748,0.4342,0.6069,268,2017,7454.65,11967.75,0.4521
航天,原型验证,5,0.3721,0.3967,0.4584,103,2013,3251.88,1920.79,0.5815
新材料,原型验证,16,0.3506,0.8853,0.6296,416,2011,10259.96,6012.58,0.3825
新材料,流片成功,48,0.5618,0.4583,0.3157,434,2021,10345.83,10588.73,0.483
人工智能,原型验证,25,0.3101,0.2091,0.5409,378,2024,8184.29,5056.21,0.5846
生物医药,商业化量产,7,0.3017,0.902,0.1621,441,2022,5159.59,8125.36,0.5318
半导体,商业化量产,29,0.3525,0.0663,0.6977,124,2022,6552.02,10888.67,0.5767
新材料,上市预备,34,0.9106,0.4081,0.6408,207,2011,11417.67,21811.63,0.3298
人工智能,原型验证,13,0.6387,0.344,0.4631,137,2023,5958.98,3366.15,0.4842
新材料,立项预研,35,0.8266,0.569,0.3443,419,2015,11183.65,3486.5,0.3595
生物医药,立项预研,30,0.8045,0.5779,0.1746,130,2010,7495.32,2427.06,0.4136
高端装备,立项预研,28,0.4617,0.8558,0.2385,75,2021,5334.02,1374.72,0.4293
生物医药,商业化量产,14,0.7223,0.3464,0.789,323,2021,12393.32,18236.85,0.4054
航天,流片成功,43,0.9285,0.3145,0.7098,479,2016,19039.2,17865.08,0.3214
人工智能,立项预研,41,0.8325,0.2449,0.3877,227,2014,12112.75,3887.49,0.4519
人工智能,流片成功,49,0.6956,0.8969,0.4243,378,2015,17409.48,18031.37,0.2621
新材料,流片成功,21,0.2446,0.1703,0.4758,441,2010,7448.77,7320.93,0.652
高端装备,上市预备,30,0.4426,0.8682,0.283,41,2018,5252.49,9821.05,0.38
高端装备,流片成功,22,0.4024,0.1375,0.4116,470,2021,7730.52,7519.65,0.6556
高端装备,上市预备,35,0.6639,0.8169,0.2766,13,2016,6415.89,11755.74,0.3245
高端装备,流片成功,39,0.7967,0.5701,0.2961,106,2021,7746.76,8102.65,0.3376
生物医药,上市预备,29,0.8497,0.2273,0.3241,96,2012,7677.9,14856.08,0.4403
航天,上市预备,27,0.6024,0.7523,0.4489,194,2016,7510.33,15788.02,0.3646
半导体,上市预备,32,0.5947,0.2945,0.5421,185,2014,8941.78,18556.43,0.4677
半导体,原型验证,28,0.5093,0.912,0.4354,480,2023,11959.4,7860.48,0.3531
半导体,立项预研,45,0.4626,0.468,0.233,188,2020,7437.69,2170.76,0.5349
人工智能,流片成功,33,0.6944,0.5986,0.7397,14,2023,7723.17,7833.81,0.3196
高端装备,上市预备,11,0.6733,0.79,0.6495,477,2024,13481.79,23791.6,0.3499
生物医药,流片成功,36,0.8427,0.381,0.6582,402,2022,15926.4,17936.57,0.3273
航天,流片成功,39,0.6354,0.3455,0.4403,352,2023,11065.37,10969.46,0.4263
航天,商业化量产,45,0.7723,0.4684,0.2886,398,2020,12714.01,19682.07,0.4043
生物医药,流片成功,14,0.5615,0.4481,0.3527,357,2014,7048.12,7273.22,0.4881
生物医药,上市预备,50,0.5201,0.593,0.4972,97,2024,9042.08,18390.81,0.3802
航天,原型验证,8,0.7742,0.4146,0.5633,105,2015,4699.67,2942.59,0.4318
高端装备,流片成功,30,0.4267,0.7908,0.5651,445,2024,12421.25,12999.79,0.3699
航天,商业化量产,33,0.8815,0.4474,0.6185,312,2020,14086.36,21526.01,0.3162
半导体,立项预研,31,0.5808,0.5145,0.5251,84,2024,8324.09,2456.2,0.4369
航天,原型验证,34,0.6231,0.2863,0.3654,342,2017,8540.96,5443.52,0.514
航天,商业化量产,13,0.1409,0.8763,0.6527,480,2013,11156.46,16839.08,0.4592
半导体,立项预研,41,0.9604,0.0953,0.1682,486,2016,13024.83,3881.6,0.4965
高端装备,上市预备,24,0.8218,0.1493,0.3987,166,2016,7084.94,13851.15,0.4793
高端装备,立项预研,21,0.9294,0.416,0.7853,108,2015,9158.98,2972.37,0.3182
人工智能,上市预备,9,0.6906,0.1782,0.1039,301,2021,3716.81,7501.53,0.6254
生物医药,立项预研,33,0.5426,0.7939,0.4941,266,2024,10127.5,3098.02,0.3698
航天,原型验证,24,0.6986,0.8138,0.4615,477,2010,13259.55,8669.63,0.3005
生物医药,立项预研,16,0.8806,0.1636,0.2145,118,2024,5752.82,1585.56,0.5426
半导体,立项预研,11,0.2208,0.5404,0.4676,328,2015,7618.13,2233.17,0.5473
人工智能,立项预研,13,0.2173,0.7155,0.5459,305,2012,9605.02,2928.09,0.5192
高端装备,立项预研,32,0.7539,0.5865,0.6174,365,2018,14626.95,4134.76,0.2988
航天,流片成功,37,0.8859,0.4596,0.6302,181,2015,12901.7,11498.89,0.3061
高端装备,商业化量产,28,0.3338,0.6869,0.5263,326,2020,8716.68,13653.93,0.4225
新材料,上市预备,15,0.4703,0.256,0.1685,373,2011,3835.07,8127.91,0.6295
高端装备,商业化量产,16,0.3826,0.7908,0.7322,133,2022,6752.71,10018.35,0.322
新材料,立项预研,23,0.4985,0.1625,0.5347,43,2016,3125.67,970.3,0.5548
新材料,原型验证,45,0.4663,0.9476,0.3012,312,2019,8308.6,5446.31,0.3338
航天,立项预研,14,0.3611,0.4457,0.5228,332,2022,7795.77,2502.57,0.5526
高端装备,立项预研,47,0.1805,0.3714,0.6535,471,2016,11773.69,3455.64,0.5279
半导体,立项预研,46,0.3137,0.3089,0.6715,260,2010,8481.88,2674.85,0.5341
航天,立项预研,25,0.6852,0.124,0.5223,168,2021,8315.17,2467.43,0.4967
人工智能,原型验证,22,0.2031,0.1675,0.3611,39,2018,2646.72,1652.76,0.7148
人工智能,立项预研,9,0.7959,0.3173,0.339,464,2015,7664.11,2426.17,0.5147
新材料,原型验证,34,0.627,0.1576,0.4323,336,2018,9499.81,5700.68,0.5208
人工智能,商业化量产,10,0.554,0.4959,0.1067,117,2019,3522.96,4955.07,0.5865
生物医药,上市预备,35,0.5128,0.8654,0.4795,403,2019,11537.3,21732.69,0.2937
生物医药,原型验证,48,0.7332,0.6062,0.2833,183,2013,10873.88,6869.96,0.3729
人工智能,商业化量产,14,0.5211,0.7226,0.3054,451,2024,9749.22,15356.21,0.4379
生物医药,原型验证,43,0.7889,0.5478,0.5488,280,2014,14379.93,8888.17,0.2972
高端装备,立项预研,50,0.9269,0.7734,0.6316,114,2012,12758.85,3734.72,0.2156
生物医药,立项预研,16,0.8412,0.8551,0.384,421,2016,11648.41,3550.6,0.3003
半导体,原型验证,24,0.9267,0.338,0.1338,424,2014,7876.45,4461.41,0.4818
生物医药,上市预备,41,0.7043,0.1978,0.6571,237,2012,12187.22,22890.95,0.4282
人工智能,上市预备,49,0.4417,0.4786,0.5042,418,2024,11075.93,25127.3,0.4697
生物医药,立项预研,37,0.6042,0.1473,0.4586,219,2017,9341.21,2630.37,0.5263
高端装备,流片成功,16,0.1299,0.7618,0.2526,268,2022,3969.23,4247.57,0.5692
高端装备,原型验证,18,0.8325,0.2062,0.4843,425,2017,9123.85,5355.35,0.4633
生物医药,流片成功,29,0.5722,0.5093,0.1064,471,2016,6816.23,6584.37,0.4857
新材料,立项预研,42,0.8717,0.7949,0.699,379,2022,14375.85,3793.06,0.2186
航天,立项预研,44,0.5728,0.2924,0.5739,438,2020,13047.69,4032.29,0.4483
人工智能,原型验证,43,0.1367,0.4941,0.124,164,2022,3227.79,2043.95,0.6338
人工智能,原型验证,49,0.9318,0.4949,0.3332,370,2021,15769.79,9377.01,0.3329
生物医药,立项预研,50,0.2008,0.3803,0.3257,469,2017,7089.71,2119.01,0.6009
航天,立项预研,19,0.9167,0.636,0.1561,328,2012,7728.95,2411.64,0.3772
高端装备,商业化量产,50,0.7855,0.3998,0.1397,484,2010,11282.92,17008.44,0.4541
人工智能,商业化量产,35,0.5639,0.426,0.5559,15,2021,6713.24,10460.44,0.4281
高端装备,立项预研,35,0.4406,0.8127,0.3352,376,2019,9484.35,2987.56,0.4163
生物医药,流片成功,27,0.5377,0.9197,0.6284,196,2011,10301.81,10839.21,0.2933
生物医药,立项预研,34,0.6268,0.3199,0.1042,145,2011,6066.96,1829.33,0.5352
人工智能,流片成功,50,0.4214,0.4198,0.5067,269,2013,11611.69,11667.07,0.4705
新材料,流片成功,38,0.3689,0.4704,0.2964,357,2011,5317.19,5541.97,0.4945
航天,商业化量产,21,0.9168,0.4335,0.4288,142,2012,7660.14,11291.94,0.3578
高端装备,上市预备,41,0.4341,0.7181,0.7026,102,2016,7191.68,15145.96,0.3201
航天,立项预研,45,0.3698,0.5062,0.6991,325,2018,10903.93,3138.11,0.424
人工智能,上市预备,40,0.6006,0.7264,0.4873,175,2017,10216.14,20733.21,0.3339
新材料,商业化量产,44,0.8246,0.749,0.4138,247,2020,10895.64,15313.29,0.2951
人工智能,立项预研,9,0.8169,0.3781,0.1535,231,2019,5675.36,1732.88,0.5531
航天,流片成功,35,0.8236,0.429,0.5182,166,2010,10949.83,10729.22,0.3663
人工智能,立项预研,49,0.3981,0.2813,0.2886,305,2014,7200.68,2115.46,0.6008
生物医药,上市预备,31,0.4785,0.4053,0.1642,189,2017,5835.05,11532.99,0.547
人工智能,原型验证,11,0.454,0.7707,0.783,305,2014,10825.34,6259.1,0.3563
人工智能,流片成功,19,0.2851,0.6499,0.2194,286,2019,5563.38,5385.29,0.5266
新材料,原型验证,41,0.9565,0.3923,0.58,64,2018,9311.77,5522.19,0.3156
新材料,原型验证,45,0.4555,0.1235,0.6874,320,2020,12013.43,6823.28,0.5458
半导体,立项预研,26,0.6262,0.7411,0.206,44,2016,6290.61,1831.29,0.4196
生物医药,立项预研,6,0.4725,0.1846,0.4851,326,2014,7117.9,2326.83,0.6379
高端装备,立项预研,30,0.5231,0.7148,0.5808,244,2018,10879.92,3073.43,0.36
新材料,商业化量产,41,0.7016,0.38,0.6155,462,2019,13268.98,19417.13,0.386
人工智能,原型验证,32,0.5361,0.4585,0.6161,417,2014,14380.2,8712.78,0.408
半导体,原型验证,8,0.682,0.5584,0.693,23,2015,3899.92,2274.99,0.3849
生物医药,商业化量产,29,0.2338,0.2719,0.3513,26,2018,2545.73,4298.04,0.6289
人工智能,商业化量产,36,0.5772,0.4151,0.13,396,2015,8026.82,12637.99,0.4861
人工智能,流片成功,44,0.1778,0.625,0.1898,239,2022,5249.89,5261.79,0.5559
半导体,商业化量产,5,0.4671,0.4946,0.1593,169,2023,3186.32,4557.75,0.6419
新材料,立项预研,18,0.9567,0.2022,0.4624,380,2017,10805.22,3352.44,0.4159
半导体,原型验证,29,0.6336,0.3053,0.4291,145,2021,8318.48,5021.42,0.4912
生物医药,上市预备,7,0.1988,0.394,0.1645,232,2017,2464.51,4417.08,0.7184
航天,流片成功,18,0.7721,0.8736,0.6788,126,2016,9140.13,9087.85,0.2368
新材料,商业化量产,42,0.809,0.6379,0.6527,338,2013,15402.21,22679.08,0.2551
生物医药,商业化量产,16,0.799,0.3117,0.6469,423,2015,12632.68,19003.07,0.4127
半导体,流片成功,47,0.4405,0.5252,0.1347,255,2017,6088.08,6471.25,0.5303
生物医药,立项预研,45,0.6401,0.5988,0.6042,309,2024,13189.33,4359.19,0.33
生物医药,商业化量产,22,0.3958,0.7228,0.5113,226,2019,8609.23,12990.72,0.4136
高端装备,流片成功,16,0.7023,0.2957,0.7978,497,2023,14730.68,15149.91,0.4152
人工智能,立项预研,6,0.856,0.4405,0.3751,292,2012,5938.95,1799.92,0.4825
高端装备,流片成功,45,0.8335,0.5564,0.336,112,2011,9189.04,9772.18,0.3367
新材料,原型验证,26,0.6831,0.3978,0.688,428,2018,14378.51,8508.88,0.4231
半导体,原型验证,14,0.4324,0.5175,0.35,194,2012,5514.42,3538.6,0.5201
高端装备,流片成功,20,0.4234,0.2154,0.5947,334,2022,9460.71,9854.81,0.5493
半导体,原型验证,18,0.6693,0.4372,0.507,468,2022,10376.88,6394.32,0.4587
高端装备,上市预备,16,0.2967,0.5545,0.5783,366,2014,8990.94,17861.55,0.4669
高端装备,上市预备,29,0.5994,0.6434,0.569,484,2013,10426.2,20677.04,0.3604
航天,立项预研,37,0.041,0.8281,0.628,182,2014,6594.14,1926.09,0.4604
半导体,原型验证,32,0.5743,0.6115,0.4534,379,2021,12509.26,7494.43,0.3785
人工智能,商业化量产,7,0.3615,0.7977,0.5374,388,2021,11239.75,15767.98,0.4636
半导体,立项预研,27,0.064,0.6299,0.7689,175,2011,6396.98,1967.49,0.4979
人工智能,立项预研,38,0.5863,0.1925,0.4881,275,2017,11115.56,3367.62,0.5315
人工智能,上市预备,32,0.7755,0.5815,0.2986,347,2017,11609.2,23678.0,0.4085
新材料,原型验证,17,0.7577,0.5471,0.6891,329,2012,10236.8,6279.66,0.3451
半导体,原型验证,24,0.3943,0.1618,0.2033,137,2014,4033.64,2268.76,0.6726
航天,商业化量产,15,0.2893,0.2751,0.4452,346,2022,6549.08,9638.46,0.6213
高端装备,原型验证,38,0.4598,0.6386,0.2409,225,2024,5684.35,3639.39,0.453
半导体,原型验证,44,0.4878,0.6393,0.4249,276,2022,10685.72,6407.55,0.3914
新材料,商业化量产,6,0.6849,0.4772,0.1938,425,2013,4310.49,6664.41,0.5347
生物医药,原型验证,44,0.6134,0.1214,0.445,425,2016,12744.29,7926.8,0.5485
半导体,商业化量产,13,0.8631,0.0351,0.2715,153,2018,5068.71,7811.13,0.5677
高端装备,商业化量产,31,0.7971,0.5498,0.1033,359,2017,7662.78,11236.09,0.4077
生物医药,立项预研,30,0.6561,0.5423,0.5584,184,2022,10844.04,2973.47,0.3728
新材料,原型验证,8,0.155,0.8556,0.6714,362,2012,10106.32,6084.79,0.4825
半导体,原型验证,18,0.4525,0.3777,0.2789,452,2012,7741.22,4722.85,0.5313
新材料,商业化量产,34,0.9895,0.6333,0.3119,433,2018,11221.03,17810.98,0.3218
航天,流片成功,50,0.7695,0.306,0.3646,455,2014,12412.84,12494.09,0.4808
航天,上市预备,47,0.527,0.2864,0.4876,201,2015,9895.43,20955.28,0.4979
人工智能,原型验证,38,0.6511,0.1388,0.5269,233,2010,9373.38,5655.62,0.5296
生物医药,上市预备,41,0.4218,0.8141,0.3603,172,2020,8302.65,17575.16,0.3852
半导体,立项预研,22,0.5963,0.8531,0.307,274,2014,10032.61,2984.58,0.3637
航天,商业化量产,9,0.6911,0.6661,0.5878,124,2010,6224.25,8976.78,0.3587
新材料,上市预备,35,0.9787,0.5511,0.3031,14,2010,7148.42,13571.38,0.3085
半导体,立项预研,46,0.4279,0.2483,0.7488,333,2020,12827.17,3742.06,0.4953
高端装备,流片成功,34,0.7114,0.9213,0.1672,62,2018,6783.79,6315.41,0.3406
高端装备,商业化量产,18,0.4105,0.5976,0.5834,457,2022,11443.94,18499.15,0.4416
生物医药,原型验证,41,0.5346,0.5262,0.4021,27,2024,7407.87,4458.36,0.4686
生物医药,原型验证,6,0.3786,0.6716,0.4155,433,2024,7832.62,4782.29,0.4875
半导体,商业化量产,34,0.5315,0.7876,0.665,472,2013,17167.27,25090.94,0.3038
人工智能,原型验证,34,0.6257,0.1617,0.6864,435,2013,14043.81,8869.95,0.46
生物医药,立项预研,43,0.2354,0.2814,0.1638,391,2017,4440.53,1289.78,0.6126
航天,上市预备,16,0.6802,0.5423,0.4351,497,2013,9793.33,19611.38,0.4583
半导体,立项预研,32,0.7813,0.5406,0.1591,297,2018,9543.16,2928.11,0.3888
高端装备,原型验证,10,0.6513,0.3194,0.2047,297,2023,4323.88,2683.08,0.5479
航天,商业化量产,45,0.2412,0.3607,0.5325,459,2019,9278.57,13622.35,0.5575
新材料,原型验证,7,0.2646,0.5619,0.2334,36,2019,1718.54,1049.46,0.6521
生物医药,流片成功,30,0.3472,0.182,0.7466,41,2015,4019.25,4341.73,0.5459
生物医药,立项预研,37,0.686,0.4894,0.5493,194,2020,9647.18,2799.48,0.395
生物医药,原型验证,11,0.5549,0.2623,0.7016,232,2012,9165.85,5661.13,0.5023
生物医药,立项预研,7,0.5877,0.5134,0.6953,81,2020,4541.48,1397.66,0.4654
半导体,商业化量产,20,0.6461,0.7101,0.6676,273,2014,11496.98,17347.45,0.3346
高端装备,商业化量产,36,0.5836,0.508,0.3085,345,2022,8833.9,13083.8,0.4223
人工智能,商业化量产,34,0.3509,0.3399,0.1615,178,2020,5289.65,7497.51,0.6408
新材料,流片成功,45,0.7067,0.4586,0.4072,367,2018,11348.22,10882.61,0.3696
生物医药,上市预备,12,0.3605,0.6736,0.7768,181,2014,7835.02,15910.07,0.4559
人工智能,立项预研,15,0.4676,0.3405,0.173,367,2019,4933.57,1550.35,0.5746
人工智能,原型验证,26,0.6145,0.545,0.5031,377,2014,12463.59,7762.99,0.4442
新材料,立项预研,17,0.5856,0.6114,0.5145,192,2023,7288.15,2241.74,0.3849
新材料,商业化量产,21,0.6235,0.6175,0.7361,202,2015,9001.09,12306.49,0.3444
生物医药,流片成功,36,0.4288,0.1062,0.1113,73,2010,3752.25,3500.94,0.6583
高端装备,原型验证,48,0.2281,0.439,0.7665,410,2016,12846.61,7387.01,0.448
高端装备,立项预研,19,0.8052,0.6858,0.6672,245,2012,9815.46,3074.97,0.3144
航天,原型验证,48,0.7788,0.3576,0.2019,198,2024,8513.52,5173.15,0.4525
生物医药,商业化量产,19,0.738,0.2742,0.5882,80,2014,7199.43,11500.11,0.48
生物医药,上市预备,35,0.1905,0.4936,0.4323,449,2011,9390.37,19339.04,0.5728
新材料,立项预研,10,0.1954,0.0795,0.2815,63,2024,1436.81,431.01,0.7738
新材料,流片成功,26,0.3338,0.3048,0.7412,133,2010,6219.7,6260.65,0.5107
半导体,立项预研,5,0.8464,0.7552,0.3709,145,2010,5498.53,1651.36,0.3756
高端装备,原型验证,30,0.8987,0.3954,0.1585,45,2019,6541.2,3562.16,0.4317
半导体,流片成功,15,0.0699,0.2939,0.5056,117,2023,3059.84,2901.92,0.6394
高端装备,原型验证,11,0.7975,0.4069,0.415,338,2010,7553.77,4932.13,0.4325
半导体,原型验证,43,0.6122,0.7632,0.3079,347,2024,10948.11,6546.11,0.3669
航天,商业化量产,22,0.7599,0.7142,0.4597,267,2018,10645.09,15527.99,0.337
航天,立项预研,30,0.5315,0.6865,0.4198,233,2010,8438.96,2647.72,0.4278
人工智能,商业化量产,19,0.718,0.6959,0.3791,392,2024,11400.24,15892.06,0.4045
半导体,原型验证,44,0.8358,0.2024,0.3623,123,2019,11309.86,6391.77,0.4291
半导体,上市预备,40,0.7651,0.6013,0.1492,381,2024,10626.98,21920.24,0.3855
航天,原型验证,33,0.7129,0.9125,0.3651,37,2018,7426.52,4737.3,0.2456
半导体,原型验证,25,0.5734,0.1203,0.2776,464,2024,9169.36,5387.77,0.5754
高端装备,商业化量产,18,0.7871,0.4838,0.3997,81,2017,4857.14,7326.64,0.4398
人工智能,原型验证,30,0.5812,0.8138,0.5312,73,2011,9042.51,5043.56,0.3316
生物医药,商业化量产,8,0.5431,0.4247,0.7337,174,2022,7141.33,10625.78,0.483
航天,商业化量产,30,0.8385,0.3654,0.4029,287,2014,10602.22,15827.13,0.3684
半导体,原型验证,35,0.2958,0.41,0.2491,127,2022,4525.88,2633.26,0.5607
航天,立项预研,30,0.8018,0.2197,0.1008,137,2022,7087.99,2222.08,0.4913
人工智能,原型验证,11,0.6779,0.0975,0.3545,359,2014,6059.38,3533.66,0.6029
半导体,立项预研,44,0.2161,0.6036,0.3301,54,2019,3471.94,1079.31,0.5049
航天,上市预备,8,0.9665,0.0883,0.5699,73,2019,4744.73,9593.01,0.4757
生物医药,原型验证,6,0.6558,0.2819,0.6326,417,2024,10053.59,5989.64,0.4912
高端装备,流片成功,37,0.5478,0.4736,0.5281,291,2013,9288.66,9327.25,0.4506
高端装备,上市预备,34,0.5041,0.3039,0.2419,438,2019,7192.29,12624.27,0.5527
人工智能,原型验证,37,0.5961,0.7568,0.2439,144,2023,8045.72,4874.96,0.389
航天,商业化量产,20,0.9638,0.6484,0.3767,352,2015,10423.25,16082.75,0.2882
生物医药,立项预研,20,0.4234,0.3299,0.5018,134,2011,5398.73,1857.19,0.5322
半导体,商业化量产,31,0.5274,0.6951,0.6137,451,2014,14619.5,20485.66,0.358
新材料,原型验证,32,0.7717,0.4035,0.7025,287,2018,12171.97,7639.72,0.3556
半导体,流片成功,35,0.6296,0.726,0.6335,488,2022,16637.75,16226.72,0.2986
人工智能,立项预研,10,0.8561,0.5652,0.1561,253,2024,6072.07,1964.38,0.4367
新材料,流片成功,14,0.4641,0.1854,0.5373,326,2013,7107.4,7485.61,0.5717
新材料,流片成功,49,0.8965,0.0751,0.3979,281,2010,13468.18,13204.32,0.4427
新材料,立项预研,35,0.3844,0.8663,0.222,151,2017,4632.74,1265.91,0.4523
半导体,原型验证,46,0.843,0.211,0.5227,412,2017,13232.69,8024.98,0.3865
半导体,商业化量产,11,0.8555,0.1956,0.7811,281,2011,11531.57,18225.38,0.4109
新材料,原型验证,36,0.699,0.6489,0.4904,260,2024,9408.97,5818.36,0.3833
航天,立项预研,27,0.1055,0.4958,0.4459,217,2023,4305.65,1382.99,0.5801
航天,上市预备,15,0.7796,0.6273,0.5309,282,2012,8914.07,18607.79,0.3651
航天,原型验证,25,0.4459,0.8423,0.7437,464,2010,16093.64,10304.34,0.3452
航天,立项预研,13,0.9963,0.2213,0.4949,11,2015,4542.14,1206.47,0.4052
新材料,上市预备,27,0.2363,0.7644,0.4952,308,2010,8138.07,16121.96,0.4494
新材料,原型验证,44,0.2123,0.3002,0.5966,233,2015,7597.93,4910.5,0.5542
人工智能,流片成功,16,0.8974,0.8384,0.2984,388,2013,9929.24,9485.53,0.2733
生物医药,商业化量产,28,0.3162,0.8217,0.7266,417,2016,15210.95,23787.24,0.3559
新材料,原型验证,16,0.1635,0.4123,0.4834,388,2011,7463.43,4494.15,0.6009
新材料,商业化量产,42,0.6067,0.5789,0.1228,80,2022,6575.71,9690.44,0.4793
生物医药,原型验证,20,0.5352,0.6739,0.7722,128,2020,7565.34,4671.87,0.3392
高端装备,流片成功,5,0.553,0.016,0.4361,170,2017,3401.06,3091.41,0.6866
半导体,商业化量产,21,0.2146,0.2194,0.7004,213,2012,7342.14,11601.13,0.5895
高端装备,流片成功,42,0.5913,0.773,0.1487,251,2015,7751.83,7062.04,0.4154
高端装备,立项预研,26,0.5834,0.5707,0.5912,254,2020,9937.3,2893.62,0.3699
生物医药,流片成功,26,0.5996,0.2327,0.6752,458,2018,14130.93,14828.34,0.467
半导体,商业化量产,23,0.7413,0.7925,0.3329,237,2019,9240.55,14664.43,0.3727
人工智能,原型验证,33,0.5301,0.508,0.665,392,2019,14150.3,8953.99,0.3641
航天,立项预研,23,0.2977,0.6926,0.7559,96,2024,6010.93,1858.7,0.4115
半导体,流片成功,19,0.7213,0.6695,0.3093,220,2014,8128.3,8083.29,0.401
人工智能,商业化量产,27,0.6186,0.4534,0.607,57,2022,6952.58,9365.49,0.4237
新材料,商业化量产,24,0.4592,0.4895,0.6204,395,2013,10846.0,15690.58,0.4622
航天,立项预研,30,0.8912,0.9537,0.7391,97,2017,10562.4,3272.81,0.1725
人工智能,立项预研,39,0.4338,0.5602,0.4477,497,2019,12987.56,3884.74,0.459
高端装备,原型验证,22,0.8123,0.3299,0.2478,282,2024,6142.07,3458.51,0.4786
半导体,商业化量产,31,0.8107,0.7595,0.661,485,2017,17120.99,24453.99,0.266
新材料,立项预研,32,0.8574,0.5257,0.3944,227,2019,7877.18,2517.81,0.3385
生物医药,立项预研,40,0.6923,0.2942,0.1788,239,2010,9255.52,2574.41,0.5545
新材料,立项预研,32,0.8033,0.3792,0.7227,485,2015,17668.84,5231.38,0.3462
高端装备,原型验证,46,0.4167,0.4092,0.4686,50,2018,5140.77,3116.81,0.5213
高端装备,商业化量产,36,0.7111,0.3156,0.5317,362,2016,10567.48,16364.0,0.4208
半导体,立项预研,34,0.6026,0.2837,0.5956,233,2010,9852.73,2878.56,0.4623
航天,原型验证,31,0.6395,0.0713,0.356,322,2023,8386.77,5012.45,0.5587
生物医药,立项预研,11,0.171,0.4488,0.2074,345,2012,3563.04,1154.51,0.6387
生物医药,原型验证,42,0.3197,0.2662,0.5819,281,2021,9932.11,6114.13,0.5214
高端装备,上市预备,14,0.695,0.1591,0.3724,110,2014,4587.73,9298.99,0.5674
半导体,原型验证,16,0.0753,0.5475,0.3395,460,2017,6798.94,4221.98,0.6337
生物医药,上市预备,27,0.837,0.1354,0.5005,436,2021,12371.99,26250.71,0.4368
人工智能,立项预研,41,0.7282,0.2841,0.3682,311,2024,13789.4,3959.33,0.4474
人工智能,上市预备,17,0.773,0.5956,0.6627,316,2020,10840.58,21076.15,0.3036
高端装备,原型验证,14,0.4903,0.6833,0.2726,477,2016,7514.39,4238.1,0.4758
人工智能,立项预研,37,0.7975,0.4005,0.3375,403,2016,13452.82,3940.53,0.4144
新材料,原型验证,32,0.1564,0.3835,0.4108,14,2010,1476.57,742.47,0.5859
半导体,商业化量产,41,0.259,0.1686,0.3879,131,2015,4739.94,7294.25,0.644
高端装备,商业化量产,49,0.7475,0.5949,0.6722,144,2016,10065.64,14361.29,0.3019
人工智能,原型验证,7,0.5295,0.157,0.731,92,2023,4078.9,2279.68,0.6048
生物医药,流片成功,36,0.8479,0.6572,0.6448,253,2024,14231.15,14715.0,0.2668
高端装备,流片成功,22,0.2865,0.3831,0.2014,258,2019,4061.3,3901.8,0.6175
新材料,原型验证,10,0.7823,0.8761,0.2888,308,2018,7421.76,4590.09,0.302
生物医药,商业化量产,33,0.6762,0.3294,0.6523,146,2016,9916.62,16630.93,0.4048
高端装备,立项预研,34,0.526,0.2361,0.1043,133,2023,5067.63,1505.92,0.5917
新材料,原型验证,20,0.6209,0.5821,0.3826,494,2012,10102.66,5381.88,0.4183
高端装备,流片成功,42,0.6923,0.2598,0.5498,95,2017,8160.87,7769.18,0.4606
高端装备,商业化量产,34,0.549,0.8618,0.3186,238,2023,8751.98,13701.12,0.3583
新材料,流片成功,13,0.8472,0.748,0.665,436,2021,13037.08,13047.34,0.2501
半导体,流片成功,46,0.7222,0.6232,0.7451,234,2020,15740.6,15266.27,0.2815
航天,立项预研,28,0.4623,0.3661,0.7122,168,2015,9045.67,2783.39,0.4471
半导体,立项预研,12,0.5657,0.9237,0.6066,219,2017,11004.77,2782.96,0.3183
半导体,商业化量产,39,0.5265,0.8066,0.6582,307,2019,14330.09,20307.73,0.3269
生物医药,立项预研,7,0.8562,0.4376,0.3184,171,2021,5028.36,1569.7,0.4766
航天,原型验证,46,0.8187,0.4296,0.3117,242,2015,11690.32,7398.51,0.41
航天,立项预研,31,0.7914,0.5272,0.1506,43,2013,5883.17,1673.96,0.4165
航天,上市预备,40,0.8465,0.6485,0.4881,161,2024,10376.15,21446.09,0.3078
生物医药,立项预研,8,0.6861,0.2376,0.778,64,2017,4989.54,1367.46,0.5004
生物医药,立项预研,42,0.4184,0.7146,0.3451,216,2015,8854.45,2556.19,0.4107
半导体,流片成功,43,0.4586,0.2732,0.35,348,2011,9570.37,8991.57,0.5487
新材料,立项预研,25,0.2216,0.3018,0.6487,402,2023,9224.37,2788.64,0.5382
半导体,原型验证,10,0.441,0.4687,0.7375,356,2022,10254.51,6204.96,0.5192
半导体,原型验证,21,0.7879,0.6662,0.7512,440,2018,15910.59,9770.17,0.2959
人工智能,原型验证,47,0.4617,0.6178,0.4864,186,2024,9863.59,5701.85,0.4488
人工智能,上市预备,31,0.3862,0.826,0.7269,306,2015,13840.12,26540.37,0.3684
新材料,立项预研,11,0.1982,0.5621,0.3532,440,2010,6026.85,1780.69,0.5706
高端装备,立项预研,34,0.847,0.3442,0.6373,307,2017,12894.27,3803.37,0.3853
新材料,商业化量产,36,0.3981,0.5371,0.6614,80,2024,5837.75,8496.47,0.4084
新材料,原型验证,19,0.1784,0.7848,0.3328,440,2013,6803.57,4097.63,0.5159
生物医药,流片成功,40,0.412,0.4508,0.7471,241,2011,10949.72,11414.35,0.4126
半导体,立项预研,12,0.3695,0.456,0.6406,84,2019,4224.96,1235.03,0.4915
航天,原型验证,33,0.7541,0.4823,0.228,30,2015,6892.92,4085.63,0.4392
人工智能,上市预备,36,0.736,0.1532,0.1856,335,2013,9522.44,19709.76,0.5296
半导体,商业化量产,10,0.9163,0.4778,0.4194,436,2014,8622.29,12460.31,0.3716
高端装备,原型验证,40,0.57,0.5249,0.3489,440,2013,11357.27,6285.79,0.4678
半导体,流片成功,42,0.3624,0.7764,0.2783,33,2022,5079.62,5616.69,0.4408
半导体,流片成功,24,0.2066,0.212,0.5009,468,2018,8052.91,8042.2,0.6176
航天,商业化量产,9,0.8277,0.0619,0.4639,137,2010,5449.12,8212.22,0.5469
高端装备,流片成功,10,0.7333,0.8696,0.2919,188,2019,5668.08,5120.35,0.3618
半导体,流片成功,8,0.3078,0.466,0.2183,389,2021,4697.92,4521.66,0.6528
生物医药,商业化量产,30,0.5321,0.7281,0.3203,478,2021,9069.4,12711.56,0.4212
新材料,立项预研,37,0.562,0.7708,0.5657,81,2021,6047.54,1891.09,0.3282
新材料,原型验证,29,0.5669,0.1151,0.4213,476,2020,8152.83,4937.07,0.5422
生物医药,流片成功,30,0.4378,0.7745,0.4339,174,2019,7616.43,6842.32,0.409
人工智能,流片成功,18,0.5866,0.3337,0.2497,39,2010,3894.3,3888.18,0.5452
半导体,立项预研,14,0.5655,0.4661,0.4007,417,2019,9300.94,2971.76,0.4975
新材料,流片成功,43,0.9185,0.748,0.1932,494,2016,11812.8,12166.13,0.311
航天,立项预研,19,0.5461,0.645,0.7375,50,2012,5676.16,1676.89,0.3783
半导体,流片成功,16,0.6371,0.5887,0.4076,95,2018,6411.67,6428.23,0.4427
新材料,流片成功,6,0.5142,0.0795,0.5663,175,2016,5147.2,4546.7,0.6401
新材料,立项预研,21,0.2544,0.6547,0.5994,385,2017,10281.86,3160.56,0.4589
生物医药,流片成功,10,0.8803,0.2308,0.3122,240,2013,6432.77,5954.92,0.4749
生物医药,立项预研,5,0.3985,0.3096,0.2607,80,2016,2139.66,677.22,0.6572
航天,立项预研,14,0.2669,0.8608,0.2397,61,2015,2843.88,877.93,0.501
人工智能,原型验证,45,0.6985,0.3499,0.2106,68,2017,9201.25,5271.78,0.476
生物医药,商业化量产,21,0.8018,0.5247,0.7245,154,2020,9633.87,14033.62,0.2985
生物医药,商业化量产,21,0.6882,0.7639,0.7124,266,2018,12279.86,18442.54,0.3089
半导体,流片成功,43,0.41,0.4586,0.5655,389,2011,11364.89,10849.27,0.4493
新材料,上市预备,7,0.6656,0.5318,0.4871,219,2011,6215.72,13453.56,0.4418
新材料,商业化量产,10,0.1738,0.8289,0.1619,355,2019,3754.67,5187.7,0.5512
航天,立项预研,18,0.8676,0.4311,0.2234,152,2022,5823.03,1652.38,0.4287
生物医药,立项预研,9,0.4682,0.5071,0.2111,356,2022,5342.36,1533.37,0.5891
人工智能,立项预研,14,0.7332,0.3429,0.7022,358,2017,13676.75,4133.3,0.4081
人工智能,商业化量产,23,0.262,0.5421,0.2173,331,2021,5085.4,7740.11,0.5435
人工智能,商业化量产,43,0.6142,0.179,0.2589,109,2017,7914.11,10618.49,0.5538
人工智能,商业化量产,44,0.6769,0.3461,0.4564,427,2010,14537.59,21755.21,0.4078
半导体,流片成功,10,0.6711,0.8883,0.7968,38,2020,5460.93,5213.14,0.2897
人工智能,商业化量产,50,0.8485,0.4092,0.6277,366,2012,17357.32,27008.93,0.3295
航天,流片成功,29,0.5277,0.3345,0.2069,164,2019,5571.15,5278.79,0.5026
航天,上市预备,34,0.406,0.6189,0.1921,337,2017,6810.9,12902.46,0.4941
新材料,立项预研,5,0.6648,0.5885,0.4228,145,2016,4075.24,1219.25,0.4571
生物医药,立项预研,36,0.1932,0.2427,0.5734,457,2015,8913.6,2459.44,0.6101
生物医药,原型验证,44,0.4855,0.267,0.6179,77,2015,7005.9,4128.35,0.4995
生物医药,立项预研,21,0.0553,0.494,0.4998,29,2013,1387.82,419.71,0.5973
人工智能,流片成功,10,0.6878,0.1422,0.639,194,2024,7723.41,8429.32,0.5161
新材料,原型验证,20,0.788,0.1855,0.6474,455,2020,12940.81,7218.53,0.4526
人工智能,原型验证,24,0.1244,0.8051,0.7123,401,2018,11377.63,6878.43,0.4377
航天,原型验证,8,0.5223,0.6582,0.2004,269,2010,4433.71,2567.09,0.5432
高端装备,原型验证,37,0.6414,0.7336,0.7802,377,2021,16252.06,10081.41,0.2835
人工智能,原型验证,24,0.7643,0.0335,0.1235,348,2018,6197.8,3854.64,0.6251
生物医药,上市预备,15,0.7959,0.2748,0.3994,353,2019,7710.23,16324.43,0.4674
高端装备,流片成功,31,0.5622,0.6566,0.762,230,2020,11749.55,11062.95,0.3364
生物医药,上市预备,47,0.1401,0.4178,0.1337,309,2016,3219.66,6987.75,0.6494
半导体,商业化量产,41,0.4172,0.3352,0.58,78,2018,7304.07,11382.7,0.5005
生物医药,原型验证,22,0.6655,0.1608,0.5006,279,2012,7898.18,4636.97,0.5342
航天,流片成功,38,0.3722,0.385,0.6637,32,2011,5085.83,4759.92,0.5131
半导体,原型验证,7,0.8197,0.808,0.7154,68,2010,6253.26,3604.19,0.2804
高端装备,立项预研,5,0.1632,0.3752,0.68,329,2019,7671.48,2223.29,0.633
半导体,流片成功,14,0.8189,0.9193,0.6083,309,2019,8934.36,8801.81,0.2414
生物医药,商业化量产,50,0.2957,0.6282,0.6599,482,2015,14539.2,21388.4,0.3981
人工智能,上市预备,19,0.8283,0.4781,0.1825,208,2022,7545.4,14058.79,0.4057
航天,原型验证,48,0.6985,0.6412,0.3972,118,2024,9463.18,5641.71,0.3325
半导体,流片成功,28,0.2251,0.419,0.3946,445,2013,7441.62,7273.47,0.5592
半导体,立项预研,9,0.567,0.0304,0.3992,253,2024,5986.33,1731.32,0.6546
高端装备,商业化量产,8,0.5497,0.7742,0.3947,55,2010,3715.62,5882.83,0.4376
人工智能,商业化量产,10,0.8122,0.6128,0.6762,108,2021,8201.36,11642.59,0.3506
半导体,流片成功,29,0.5073,0.6931,0.5047,375,2024,11655.86,11247.77,0.3969
新材料,流片成功,46,0.3512,0.3832,0.7452,288,2015,10418.81,10952.88,0.4773
半导体,上市预备,32,0.5568,0.8157,0.4743,183,2016,9160.7,19284.4,0.3258
航天,流片成功,30,0.7933,0.5766,0.5102,380,2012,12054.49,12245.76,0.3358
生物医药,商业化量产,6,0.6768,0.7389,0.6623,151,2019,7123.45,10621.58,0.3729
航天,商业化量产,40,0.9439,0.635,0.7292,474,2018,17428.24,27850.81,0.2162
半导体,立项预研,29,0.2978,0.7228,0.2753,402,2021,7100.49,2129.11,0.49
航天,立项预研,20,0.2457,0.6617,0.6542,315,2023,8110.98,2528.12,0.4806
半导体,上市预备,42,0.8779,0.1087,0.1251,75,2024,11003.91,23073.53,0.4982
新材料,流片成功,37,0.4602,0.4259,0.2072,216,2015,5616.84,5303.12,0.5055
航天,立项预研,33,0.2455,0.2754,0.2772,71,2013,2962.56,906.79,0.6216
生物医药,商业化量产,30,0.5228,0.8726,0.1499,486,2015,7849.16,12654.86,0.4215
高端装备,商业化量产,30,0.6564,0.4073,0.2374,86,2016,6276.75,9557.95,0.4864
生物医药,立项预研,23,0.0913,0.3445,0.124,143,2013,1811.31,530.93,0.6924
高端装备,上市预备,34,0.6176,0.739,0.3544,409,2011,10119.31,20924.69,0.3702
航天,原型验证,18,0.0766,0.5332,0.6139,470,2018,11572.76,6571.23,0.5745
半导体,原型验证,31,0.5988,0.6432,0.3508,145,2013,7223.64,4263.5,0.4054
航天,原型验证,12,0.4608,0.8849,0.6597,187,2013,8593.86,5329.14,0.3621
半导体,立项预研,41,0.4497,0.3269,0.1093,19,2017,5703.63,1654.17,0.6113
人工智能,立项预研,30,0.77,0.3549,0.1758,322,2020,10111.1,3098.95,0.4839
生物医药,流片成功,39,0.6509,0.6663,0.4603,408,2021,13562.19,12994.84,0.3415
新材料,原型验证,29,0.2931,0.4023,0.5507,148,2023,4580.84,2463.16,0.527
人工智能,立项预研,17,0.6854,0.266,0.3341,493,2019,9974.64,3107.85,0.5258
高端装备,商业化量产,39,0.7983,0.4955,0.6642,464,2022,15580.03,24100.33,0.3113
新材料,流片成功,18,0.4115,0.7796,0.6941,186,2012,7036.51,6487.07,0.3899
生物医药,原型验证,39,0.2963,0.9277,0.5303,485,2020,12205.1,7055.91,0.3517
新材料,流片成功,35,0.5344,0.1778,0.5605,258,2016,8900.84,8925.31,0.5088
人工智能,立项预研,42,0.5879,0.576,0.3281,434,2023,12792.46,3880.68,0.3886
航天,立项预研,31,0.1273,0.0972,0.2321,266,2014,3142.32,888.46,0.7355
半导体,原型验证,20,0.5422,0.6482,0.655,479,2016,13502.69,7824.44,0.3438
半导体,商业化量产,32,0.7855,0.4464,0.1175,115,2013,7680.06,11891.78,0.4493
半导体,立项预研,46,0.8759,0.2341,0.3734,267,2023,12872.16,3718.21,0.407
新材料,立项预研,45,0.447,0.6008,0.7257,231,2013,9976.07,2923.9,0.37
半导体,流片成功,8,0.0584,0.2326,0.5663,485,2019,9034.46,8948.68,0.7212
半导体,上市预备,29,0.3993,0.7004,0.1532,107,2016,5148.22,10017.83,0.5007
半导体,流片成功,6,0.2003,0.3358,0.5575,113,2017,3435.48,3347.98,0.6494
半导体,流片成功,26,0.3138,0.1461,0.3206,271,2012,4901.84,5179.44,0.6531
高端装备,立项预研,34,0.7451,0.7374,0.7972,472,2013,17938.22,5396.61,0.2784
生物医药,原型验证,7,0.4057,0.0964,0.6875,435,2020,9848.91,5764.54,0.6429
人工智能,原型验证,31,0.4069,0.4566,0.5873,281,2021,9990.11,6065.85,0.4488
高端装备,商业化量产,12,0.7895,0.4576,0.3067,360,2021,6279.12,10175.67,0.4685
生物医药,商业化量产,11,0.586,0.5873,0.5147,306,2015,8199.77,12529.01,0.4449
生物医药,立项预研,19,0.7637,0.266,0.7673,303,2014,9644.64,2848.11,0.4298
人工智能,流片成功,27,0.6235,0.343,0.5512,327,2018,11892.41,11530.89,0.4369
航天,商业化量产,50,0.2635,0.9001,0.7036,258,2024,11621.93,17344.43,0.3393
生物医药,原型验证,10,0.441,0.5068,0.7029,195,2020,6168.62,3746.85,0.4585
半导体,立项预研,48,0.0623,0.7277,0.3817,472,2015,7912.89,2506.26,0.5208
新材料,立项预研,13,0.3786,0.6238,0.2467,271,2011,4756.94,1382.46,0.5423
高端装备,上市预备,20,0.6587,0.1128,0.3067,158,2023,5610.37,11503.18,0.5531
高端装备,原型验证,20,0.4248,0.0501,0.3735,420,2012,6237.1,3916.09,0.6453
半导体,立项预研,9,0.7718,0.6962,0.7987,245,2016,10933.62,3294.81,0.2641
半导体,原型验证,32,0.7738,0.2175,0.5249,400,2015,13143.78,7758.28,0.4872
半导体,上市预备,34,0.5378,0.8225,0.2217,18,2015,6204.74,12601.87,0.4187
高端装备,原型验证,32,0.1676,0.2606,0.6131,252,2016,6205.62,3839.26,0.6367
半导体,原型验证,42,0.4232,0.5938,0.6219,459,2014,15720.24,9471.03,0.3887
生物医药,流片成功,37,0.562,0.5575,0.5566,384,2019,11276.16,10734.64,0.391
高端装备,立项预研,20,0.8152,0.1832,0.3571,345,2016,7600.45,2300.76,0.502
人工智能,商业化量产,34,0.6125,0.738,0.1638,245,2015,8636.65,13360.16,0.4021
半导体,流片成功,42,0.34,0.2908,0.761,132,2022,7605.55,7491.72,0.4819
生物医药,流片成功,27,0.3553,0.9721,0.5341,154,2017,8040.05,8446.66,0.343
高端装备,商业化量产,23,0.8788,0.6231,0.6527,283,2022,11779.02,16339.23,0.2629
半导体,流片成功,5,0.9066,0.2373,0.1537,325,2011,4398.5,4208.66,0.5733
生物医药,上市预备,45,0.5699,0.8757,0.218,92,2011,8791.05,16209.27,0.3444
半导体,原型验证,12,0.4605,0.7027,0.3365,198,2017,5784.16,3498.77,0.4717
航天,立项预研,31,0.7018,0.2464,0.4076,309,2015,8701.97,2582.52,0.4766
半导体,上市预备,12,0.8392,0.4842,0.7012,470,2013,14417.02,26800.67,0.3467
人工智能,立项预研,16,0.5775,0.394,0.1621,454,2013,5296.35,1608.23,0.5469
高端装备,原型验证,34,0.7416,0.4115,0.1317,129,2014,6851.39,4038.41,0.4937
人工智能,商业化量产,20,0.7786,0.5733,0.5871,419,2021,12396.49,19031.24,0.3347
生物医药,原型验证,15,0.438,0.5535,0.7806,46,2019,4657.03,2869.54,0.4234
半导体,立项预研,14,0.6927,0.4442,0.1103,38,2022,3389.74,1006.41,0.5154
生物医药,商业化量产,30,0.6552,0.7148,0.1928,275,2020,8717.73,12984.03,0.4071
半导体,流片成功,44,0.6217,0.4931,0.123,362,2014,8404.24,7697.99,0.4963
人工智能,上市预备,10,0.8818,0.2067,0.4622,414,2017,10262.78,20817.87,0.4764
高端装备,流片成功,33,0.8922,0.7473,0.3718,188,2016,9855.52,10199.83,0.2896
半导体,立项预研,28,0.3523,0.1852,0.1708,193,2018,4291.01,1197.9,0.6654
生物医药,商业化量产,29,0.6396,0.3761,0.4918,278,2014,8519.34,13618.46,0.4594
高端装备,立项预研,40,0.9513,0.4115,0.2056,267,2010,9838.46,2881.7,0.3644
人工智能,立项预研,5,0.8136,0.3192,0.7096,202,2012,7310.85,2215.84,0.4607
航天,立项预研,47,0.2761,0.1843,0.3415,261,2022,6024.46,1786.27,0.5972
半导体,上市预备,26,0.1384,0.3679,0.4335,224,2013,4725.61,8580.07,0.6422
高端装备,原型验证,11,0.5286,0.4844,0.4872,62,2023,3795.46,2272.9,0.5039
高端装备,原型验证,27,0.5098,0.7418,0.6424,232,2020,9139.4,5159.96,0.3211
生物医药,流片成功,37,0.2971,0.5733,0.1454,451,2016,6003.45,5495.7,0.544
航天,流片成功,15,0.8304,0.6153,0.2298,94,2021,5143.28,5374.09,0.4057
高端装备,立项预研,47,0.5991,0.142,0.3264,72,2017,7395.23,2136.15,0.5322
航天,上市预备,13,0.2079,0.4656,0.1842,338,2015,4185.12,8610.27,0.6422
半导体,流片成功,22,0.368,0.7304,0.5748,336,2019,9818.91,10243.34,0.426
高端装备,立项预研,19,0.4841,0.7199,0.2104,147,2018,4305.56,1322.28,0.46
生物医药,商业化量产,48,0.8441,0.4559,0.1813,495,2016,12530.13,18000.21,0.4112
半导体,流片成功,7,0.4946,0.7274,0.4981,436,2014,9076.64,9989.77,0.468
高端装备,商业化量产,17,0.7079,0.69,0.5847,268,2011,9062.96,14861.39,0.3164
生物医药,商业化量产,45,0.3632,0.6191,0.6702,383,2016,12942.68,17440.83,0.4141
航天,流片成功,39,0.5282,0.6909,0.7036,416,2018,15463.55,14876.66,0.3121
半导体,上市预备,5,0.3622,0.8108,0.4632,484,2022,9019.08,18962.04,0.5248
人工智能,流片成功,39,0.52,0.883,0.5304,411,2014,13420.72,12032.13,0.3064
高端装备,立项预研,37,0.7689,0.6724,0.5832,215,2024,10679.69,3054.82,0.3149
生物医药,原型验证,8,0.9632,0.2458,0.1103,298,2017,4171.05,2515.81,0.5077
生物医药,流片成功,24,0.3113,0.2268,0.2971,44,2018,2557.44,2418.46,0.629
生物医药,原型验证,29,0.4594,0.2417,0.7153,183,2012,9460.51,5625.38,0.509
航天,立项预研,45,0.6521,0.3804,0.2721,318,2011,8086.7,2440.42,0.4822
人工智能,流片成功,27,0.2768,0.4563,0.1625,199,2020,4290.69,4086.17,0.6048
新材料,流片成功,48,0.2512,0.0793,0.6412,360,2021,8481.47,8907.23,0.5843
生物医药,流片成功,21,0.7582,0.7589,0.5157,128,2019,8725.2,9320.77,0.3337
新材料,商业化量产,13,0.4012,0.3621,0.1679,147,2016,2660.64,4023.5,0.6005
半导体,原型验证,12,0.4988,0.6567,0.3602,470,2010,9100.64,5491.51,0.4587
生物医药,上市预备,38,0.6376,0.6669,0.356,374,2011,11048.54,22462.72,0.3756
半导体,上市预备,44,0.7956,0.7474,0.4069,301,2024,14483.82,29324.55,0.2556
生物医药,流片成功,22,0.2251,0.8309,0.3997,214,2019,5983.11,6332.64,0.4784
航天,立项预研,41,0.8519,0.807,0.7432,138,2022,11933.22,3723.66,0.1897
半导体,流片成功,23,0.7026,0.5263,0.6238,328,2020,12331.48,11469.94,0.375
半导体,立项预研,16,0.7837,0.3979,0.6578,349,2011,13645.39,4052.45,0.4098
生物医药,原型验证,38,0.7769,0.5044,0.3722,439,2017,14159.47,8571.09,0.3659
人工智能,流片成功,40,0.6465,0.5514,0.6529,78,2015,10314.62,9802.71,0.3297
航天,原型验证,22,0.5068,0.2762,0.5114,242,2019,6989.25,4527.88,0.5454
半导体,商业化量产,23,0.9066,0.6267,0.4938,286,2011,12167.06,18230.26,0.2853
半导体,原型验证,6,0.2396,0.4655,0.6062,480,2024,10777.86,6454.14,0.5862
高端装备,立项预研,26,0.8837,0.3738,0.4785,178,2017,9226.27,2608.06,0.3981
生物医药,立项预研,10,0.4502,0.8814,0.7054,291,2010,11835.49,3669.78,0.3526
人工智能,流片成功,14,0.8192,0.3033,0.1322,339,2017,6688.53,5977.01,0.5235
生物医药,流片成功,19,0.6483,0.9696,0.1937,274,2016,6766.76,6994.21,0.333
生物医药,原型验证,10,0.8007,0.495,0.1063,143,2015,3762.81,2209.51,0.4755
半导体,原型验证,5,0.7648,0.3871,0.1594,393,2024,4798.69,3021.05,0.5423
人工智能,商业化量产,24,0.8693,0.2674,0.1738,90,2021,7385.99,11507.98,0.5193
高端装备,流片成功,28,0.801,0.7586,0.2706,430,2018,10313.2,10534.15,0.3397
高端装备,流片成功,11,0.9273,0.5087,0.2128,429,2021,6295.75,6586.2,0.4149
高端装备,商业化量产,29,0.9794,0.4911,0.6218,95,2014,9086.43,13894.82,0.2597
航天,立项预研,44,0.2368,0.7468,0.5226,424,2017,10181.08,3018.48,0.4148
新材料,上市预备,25,0.5769,0.8965,0.4358,217,2016,6771.43,12096.09,0.3784
航天,流片成功,42,0.1042,0.8067,0.198,64,2022,2585.43,2469.93,0.4963
生物医药,流片成功,30,0.7272,0.6787,0.5748,111,2019,10023.5,10720.86,0.2989
生物医药,立项预研,35,0.4693,0.6132,0.4501,86,2016,6436.94,2074.82,0.4216
半导体,立项预研,26,0.3406,0.6978,0.4883,156,2024,5881.98,1743.68,0.5029
新材料,流片成功,24,0.7462,0.8515,0.547,42,2015,6130.8,6055.15,0.2734
新材料,立项预研,48,0.6541,0.412,0.6345,205,2017,9978.84,2992.34,0.3986
生物医药,流片成功,30,0.1315,0.6418,0.1537,96,2015,2677.71,2695.27,0.606
高端装备,原型验证,38,0.8502,0.1707,0.6747,94,2010,8675.05,4736.58,0.4222
航天,立项预研,35,0.2689,0.0445,0.3492,394,2010,5760.07,1729.41,0.6764
高端装备,流片成功,7,0.2873,0.6642,0.6448,400,2022,8940.69,8786.58,0.4875
生物医药,立项预研,12,0.2518,0.5614,0.4675,359,2015,6961.25,2115.43,0.549
生物医药,立项预研,46,0.3461,0.1818,0.5755,495,2023,13333.11,4098.71,0.5389
生物医药,商业化量产,33,0.15,0.5712,0.5457,187,2017,6336.72,8988.22,0.5137
半导体,流片成功,45,0.757,0.1462,0.3334,54,2021,9887.67,9543.4,0.5059
半导体,商业化量产,20,0.4297,0.7412,0.3731,173,2021,6433.8,9748.65,0.4452
高端装备,商业化量产,6,0.7595,0.4935,0.4838,50,2011,3471.29,5462.77,0.4701
新材料,商业化量产,10,0.4831,0.3477,0.4261,44,2017,2064.07,3400.48,0.5765
高端装备,商业化量产,25,0.8361,0.2526,0.5587,469,2013,14855.03,22181.46,0.4223
人工智能,原型验证,50,0.9052,0.2052,0.6983,27,2019,12237.09,7157.67,0.3231
生物医药,原型验证,12,0.9053,0.2776,0.4809,56,2014,5574.61,3226.74,0.4381
半导体,立项预研,7,0.1664,0.9172,0.4517,349,2022,7137.83,2210.1,0.5023
半导体,商业化量产,24,0.7276,0.8585,0.797,192,2011,12723.63,18882.73,0.2309
人工智能,流片成功,44,0.4016,0.3166,0.6904,473,2016,16247.98,16721.94,0.4926
半导体,原型验证,7,0.4009,0.8212,0.5671,491,2018,12181.98,7538.22,0.4166
半导体,上市预备,42,0.3984,0.7692,0.6578,146,2016,9554.09,19746.77,0.3421
高端装备,立项预研,17,0.7335,0.1855,0.481,56,2019,4314.35,1409.86,0.5273
人工智能,商业化量产,45,0.4926,0.2471,0.2865,414,2024,8703.38,13814.41,0.5573
半导体,上市预备,27,0.7309,0.6327,0.5375,151,2015,8699.31,16964.24,0.3394
新材料,上市预备,16,0.093,0.37,0.3922,17,2018,847.16,1669.68,0.6399
生物医药,流片成功,47,0.6604,0.727,0.727,263,2016,15013.27,16196.54,0.2997
高端装备,流片成功,49,0.2448,0.3314,0.5162,44,2020,3363.3,3333.57,0.5398
人工智能,商业化量产,10,0.5972,0.849,0.5373,456,2015,12709.31,18382.51,0.3811
航天,商业化量产,21,0.523,0.6634,0.5963,315,2012,10166.72,14735.78,0.3813
人工智能,原型验证,35,0.4735,0.7386,0.3527,391,2023,10371.93,6182.59,0.4284
航天,立项预研,14,0.5384,0.6618,0.4064,303,2021,8353.37,2572.68,0.4276
高端装备,原型验证,9,0.263,0.1061,0.7829,485,2013,10026.22,5445.64,0.6338
新材料,立项预研,41,0.9737,0.1382,0.142,291,2012,8442.1,2553.17,0.4865
半导体,商业化量产,6,0.6475,0.5721,0.5081,228,2023,7481.64,11383.18,0.4736
半导体,原型验证,23,0.1598,0.3678,0.4469,154,2024,4522.81,2650.03,0.6288
半导体,商业化量产,33,0.4115,0.3026,0.4202,309,2010,9870.74,15285.06,0.5544
半导体,原型验证,20,0.4987,0.4956,0.388,12,2011,3914.66,2286.8,0.5073
人工智能,立项预研,11,0.5211,0.0201,0.2635,316,2023,4534.31,1489.21,0.6722
半导体,流片成功,36,0.6083,0.5935,0.6649,74,2016,8372.53,8229.8,0.3647
航天,立项预研,13,0.5088,0.5741,0.1142,133,2015,3754.83,1182.44,0.567
生物医药,原型验证,50,0.2873,0.5355,0.64,217,2020,9115.88,5181.64,0.4354
人工智能,原型验证,42,0.5786,0.2935,0.5267,340,2013,12386.7,7740.51,0.4892
半导体,立项预研,13,0.6096,0.3818,0.373,259,2016,5692.11,1788.21,0.5088
航天,立项预研,28,0.4223,0.6842,0.6167,129,2020,7684.46,2421.68,0.4105
航天,原型验证,27,0.1922,0.8225,0.5718,425,2011,10694.89,6322.56,0.435
航天,原型验证,35,0.6897,0.6241,0.1679,486,2022,9233.86,5399.82,0.3938
高端装备,原型验证,38,0.5035,0.2265,0.5827,75,2019,6194.4,3541.16,0.4861
新材料,原型验证,11,0.5206,0.7056,0.7412,145,2020,6867.17,4103.57,0.3531
半导体,商业化量产,46,0.5983,0.5601,0.4334,421,2011,13380.59,18628.39,0.3895
人工智能,商业化量产,41,0.5791,0.256,0.6361,429,2016,15547.43,20898.13,0.4553
航天,流片成功,7,0.7696,0.3511,0.5338,161,2011,5151.89,5056.74,0.507
人工智能,商业化量产,33,0.7669,0.2114,0.7703,440,2023,17600.81,26835.27,0.4084
航天,立项预研,47,0.6873,0.4031,0.5811,363,2013,13483.74,4254.99,0.3418
新材料,上市预备,44,0.1105,0.6942,0.7978,90,2019,4047.44,8069.22,0.4315
航天,上市预备,14,0.3505,0.3351,0.2512,383,2019,5148.43,10107.86,0.6112
半导体,流片成功,41,0.6287,0.6539,0.255,135,2014,9350.88,9968.96,0.3867
高端装备,上市预备,19,0.7563,0.7914,0.4535,452,2011,11296.68,21773.96,0.3319
半导体,立项预研,39,0.6243,0.4897,0.7746,189,2020,13716.13,3996.06,0.3284
半导体,原型验证,9,0.4451,0.6918,0.1907,351,2010,6021.69,3671.09,0.5512
半导体,原型验证,20,0.1395,0.2841,0.2679,297,2016,3556.46,2265.05,0.7052
新材料,立项预研,16,0.2423,0.7349,0.4588,391,2021,7976.41,2432.2,0.5164
航天,流片成功,8,0.622,0.5766,0.2896,396,2014,6272.24,5970.03,0.4875
人工智能,原型验证,17,0.8275,0.532,0.4304,440,2019,12626.49,7141.97,0.3769
生物医药,上市预备,33,0.3941,0.3326,0.4166,185,2023,6428.67,12408.48,0.5745
新材料,原型验证,43,0.5904,0.4284,0.5445,341,2023,11115.98,6824.12,0.4439
高端装备,立项预研,25,0.3759,0.4139,0.5387,268,2015,7371.54,2164.05,0.5057
人工智能,立项预研,7,0.6964,0.7251,0.1784,320,2010,5868.09,1963.52,0.4812
半导体,原型验证,6,0.7764,0.2617,0.6389,116,2024,5668.6,3214.06,0.4922
半导体,流片成功,43,0.4423,0.1483,0.5444,359,2010,9845.72,9218.9,0.5724
生物医药,上市预备,38,0.883,0.1426,0.4598,316,2022,13185.99,24530.03,0.4445
半导体,商业化量产,26,0.7667,0.5812,0.5845,222,2016,10827.03,17612.14,0.3425
高端装备,立项预研,36,0.695,0.8541,0.5737,13,2019,6182.48,1822.27,0.2774
半导体,立项预研,46,0.5707,0.2559,0.6428,345,2011,11276.48,3267.58,0.4737
半导体,原型验证,14,0.3482,0.0663,0.3333,227,2020,4331.65,2873.27,0.6884
半导体,原型验证,5,0.4721,0.1554,0.392,451,2024,5868.98,3589.43,0.6643
半导体,商业化量产,46,0.7717,0.5137,0.2842,29,2016,11005.74,15703.87,0.4067
新材料,立项预研,25,0.7801,0.2468,0.5932,237,2022,9056.83,2484.42,0.4423
人工智能,原型验证,27,0.5111,0.5176,0.1834,440,2012,7942.74,4448.92,0.5349
人工智能,立项预研,42,0.4367,0.7849,0.2366,357,2020,9202.11,2804.7,0.4312
半导体,上市预备,11,0.9887,0.3783,0.6098,426,2018,11830.75,23992.7,0.3391
航天,原型验证,7,0.3582,0.4578,0.2183,472,2010,4253.17,2624.86,0.6161
高端装备,流片成功,17,0.9155,0.8841,0.2836,39,2020,5692.1,5665.51,0.2621
新材料,原型验证,49,0.1282,0.1805,0.6856,472,2023,9642.22,5970.82,0.613
生物医药,流片成功,18,0.8204,0.9459,0.7223,46,2020,7604.48,6772.38,0.1688
航天,原型验证,50,0.9466,0.672,0.3532,65,2012,12084.82,7824.26,0.2839
航天,商业化量产,5,0.8264,0.552,0.7708,194,2015,8070.37,12653.84,0.339
高端装备,立项预研,33,0.8153,0.5564,0.4512,176,2017,10187.86,3119.24,0.3543
新材料,原型验证,39,0.9784,0.52,0.7626,433,2018,17869.46,10462.28,0.2481
生物医药,流片成功,19,0.769,0.5722,0.2476,63,2013,5767.35,5983.39,0.451
航天,原型验证,7,0.9232,0.1731,0.7063,74,2018,5498.63,3144.35,0.4662
人工智能,流片成功,48,0.8693,0.7458,0.5436,178,2019,15140.45,14043.63,0.2578
生物医药,流片成功,27,0.3109,0.3566,0.1214,494,2010,4877.52,4710.29,0.6576
半导体,立项预研,48,0.2448,0.6495,0.2863,13,2021,3803.54,1174.39,0.4853
生物医药,流片成功,30,0.8202,0.1852,0.6952,124,2021,10274.94,10241.66,0.4012
生物医药,上市预备,32,0.5405,0.3627,0.4336,139,2024,7079.1,15928.57,0.5108
生物医药,原型验证,6,0.312,0.1539,0.6454,463,2018,9066.48,5501.05,0.6407
高端装备,上市预备,9,0.4475,0.6163,0.4161,55,2018,2966.49,6193.89,0.4875
半导体,流片成功,40,0.3959,0.6879,0.4799,134,2012,9127.97,8678.85,0.4226
新材料,原型验证,8,0.7497,0.8611,0.5834,444,2015,11370.97,7041.62,0.3434
高端装备,原型验证,20,0.1892,0.5373,0.6741,76,2016,4164.95,2482.36,0.528
高端装备,上市预备,26,0.7578,0.4378,0.2907,169,2022,6987.21,13119.98,0.4588
生物医药,上市预备,43,0.3688,0.7841,0.3456,14,2023,5022.44,10097.82,0.4036
航天,商业化量产,7,0.9124,0.7718,0.1919,72,2020,4819.76,7402.61,0.3849
生物医药,原型验证,5,0.8864,0.3833,0.6383,380,2014,9618.37,5896.07,0.423
生物医药,上市预备,46,0.0656,0.4753,0.6252,290,2018,7323.99,14168.36,0.5382
新材料,原型验证,41,0.5475,0.5477,0.4227,176,2012,7063.49,4216.54,0.3884
生物医药,流片成功,19,0.4555,0.9023,0.5591,135,2019,7914.46,7939.8,0.3261
